"p","n","a005","a01","a025","a05","nu","ex_a005","size_a005","ex_a01","size_a01","ex_a025","size_a025","ex_a05","size_a05","dev01"
1,15,126.26341,87.79909,45.0561,27.60258,3,135.180231261657,0.00553208186523146,84.5591802440379,0.00946161359901387,45.1267375502576,0.0250566086676194,27.7584879963114,0.0503973890463058,-0.0538386400986126
1,18,52.08463,36.31233,22.69574,15.8591,4,52.5608485836786,0.00508912997975619,36.6959641154659,0.0102032445019912,22.5932036219379,0.0247904500073601,15.4576646400215,0.0477544442344933,0.0203244501991171
1,21,28.26693,20.64017,14.14353,10.52073,5,29.6439900060406,0.00559558721121167,22.0644773911595,0.0116720651280613,14.7658101116513,0.0275162090192183,10.7517702994718,0.0523645711275993,0.167206512806129
1,24,20.59832,16.44831,11.115,8.5041,6,20.0958421387629,0.00466947992574229,15.5957333423519,0.00865821262473654,11.0226137201439,0.0244682134544757,8.36276748527206,0.0479931461752487,-0.134178737526346
1,27,14.59434,11.88122,8.91588,6.89939,7,15.1289550721605,0.00559592119899299,12.0918268896916,0.0105492513069346,8.8830521843603,0.0247350229402717,6.9398815109469,0.0508020822632173,0.0549251306934626
1,30,11.83742,10.09423,7.45873,6.0296,8,12.1637428043139,0.00549561777013186,9.93726574168596,0.00948467347200976,7.51452524722635,0.0255986411730451,6.00174992660421,0.0493138435071047,-0.0515326527990236
1,33,10.66923,8.97255,6.68804,5.25288,9,10.2213636013707,0.00424420148858429,8.49357659185131,0.00816466865446963,6.56930607956268,0.0234983258688515,5.3384579309592,0.0526673945925256,-0.183533134553037
1,36,8.8751,7.54594,5.88017,4.89853,10,8.86177877748292,0.00496918514803346,7.4647194523068,0.00957980568096362,5.87923422564168,0.0249852633263635,4.84507422435006,0.0481363858262788,-0.0420194319036384
1,39,7.75726,6.52468,5.25504,4.37917,11,7.86187206693523,0.0053035427268493,6.6968667761046,0.0111612380897232,5.35395828208695,0.0269025424614965,4.46371222767394,0.0536187841786576,0.116123808972325
1,42,7.05579,5.97229,4.87793,4.17433,12,7.09788724499235,0.00514117141003723,6.10296920571458,0.0110173674417364,4.94092962006535,0.0263726070129747,4.15996765482442,0.0493360939068063,0.101736744173643
1,45,6.8284,5.80425,4.61567,3.87752,13,6.49624012548593,0.00389975552068411,5.63039436140087,0.00865198849779458,4.60763863144335,0.0248093233904273,3.91216550489429,0.0518394395762476,-0.134801150220542
1,48,6.04637,5.24611,4.34263,3.71158,14,6.01068939578661,0.00484821267027058,5.245592578649,0.00999509522598641,4.33295323688739,0.02474439762805,3.70599594176289,0.0496803188124761,-0.000490477401359435
1,51,5.42488,4.78917,4.03399,3.5095,15,5.61083740864008,0.00600167364700877,4.92623606416932,0.0115714093085945,4.10256968847259,0.0271007412739142,3.53164177696961,0.0514127581916939,0.157140930859446
1,54,5.20913,4.66924,3.95045,3.37316,16,5.2759410234201,0.00537475297475476,4.65692350789832,0.00985779952259969,3.90647420785804,0.0236353864794236,3.38214859340813,0.0506169397846714,-0.0142200477400314
1,57,5.07584,4.39199,3.75126,3.26218,17,4.99139287092462,0.0045264811271768,4.42670555788374,0.0104524900913185,3.73745368489083,0.0245258975696269,3.25245435267811,0.0492908567408887,0.0452490091318545
1,60,4.91888,4.41529,3.6809,3.21289,18,4.74662658977373,0.0040120874933316,4.22759442314989,0.00774161270836438,3.59018407069553,0.0218448822255555,3.13878766578162,0.0445142924479384,-0.225838729163562
1,63,4.60046,4.13607,3.45728,3.03399,19,4.5338198858956,0.00455654471509825,4.0536314850199,0.00885104000525883,3.46065180472366,0.0251354493230475,3.03828144761118,0.0503614817856846,-0.114895999474117
1,66,4.26853,3.85129,3.30016,2.90729,20,4.34706392899383,0.00563174687438417,3.90028456907286,0.0108160458609421,3.34577493156539,0.0270314463531055,2.94871726858697,0.0538361387279449,0.0816045860942092
1,69,4.2569,3.81052,3.27415,2.86943,21,4.18181550413188,0.00443152964230475,3.76404703079608,0.00924095071953679,3.24314811018335,0.0236355362148136,2.8683516721147,0.0498985972274877,-0.0759049280463211
1,72,4.05954,3.59208,3.10878,2.78283,22,4.03452618830079,0.00478943459607128,3.64216429674624,0.0109523140229127,3.15086682220662,0.027106596247863,2.79579540417827,0.0513031054458237,0.0952314022912746
1,75,3.70838,3.42227,2.99927,2.69555,23,3.90238553198462,0.00716297214737505,3.53244314258415,0.0123693186127478,3.06740356397266,0.0287054584811673,2.72992768432991,0.0537162708716855,0.236931861274781
1,78,3.70179,3.35853,2.97739,2.64142,24,3.78313952532322,0.00585824355396602,3.43311600694279,0.0116365611445667,2.99151897057476,0.0257622648063023,2.66983421758875,0.0532002455035582,0.163656114456668
1,81,3.74602,3.37552,2.96485,2.64695,25,3.674959906726,0.00432683934828892,3.34274272326209,0.00932737833020658,2.92219691287651,0.0227396801958857,2.61476162274304,0.0464666184701739,-0.0672621669793418
1,84,3.56956,3.30285,2.88057,2.57492,26,3.576348506618,0.00507355298538159,3.26013819659246,0.00909235581201107,2.8585963614761,0.0237548672269747,2.56408342308992,0.0487296626467639,-0.0907644187988934
1,87,3.47591,3.14408,2.81917,2.52836,27,3.48606617771513,0.00511596307788142,3.18431839295484,0.0109884464242692,2.80001518074454,0.0238650723672132,2.51727431776561,0.0486492855498228,0.0988446424269216
1,90,3.38424,3.09993,2.72559,2.45968,28,3.40307926742993,0.00522772460279319,3.11445946473918,0.0103612805346441,2.74586254491879,0.0263149734634993,2.47389047399985,0.0518568475781417,0.0361280534644135
1,93,3.39432,3.03578,2.70319,2.43719,29,3.32651879676604,0.00423291880468346,3.04986643894032,0.0103650625526757,2.69563767505816,0.0245093527142883,2.43355425841,0.0495189806811023,0.0365062552675663
1,96,3.2339,2.98189,2.64483,2.42006,30,3.25564897132164,0.00528786298024286,2.98994896174481,0.0102155884632303,2.64891327083603,0.0252795380161748,2.39594228297812,0.0467902200308914,0.0215588463230341
1,99,3.13814,2.92046,2.58642,2.33817,31,3.18984263380482,0.00574369711696299,2.93420231508979,0.0103849844595909,2.60532247165693,0.026369347885302,2.36077595532063,0.0533194352997026,0.0384984459590907
1,102,3.19575,2.94733,2.61507,2.35495,32,3.12856194080615,0.00415171704775552,2.88219241748423,0.00831161462394703,2.56454850059687,0.0215802245979663,2.32781394157892,0.0461733804011577,-0.168838537605297
1,105,3.14784,2.85861,2.55441,2.30637,33,3.07134301428812,0.00401499415986684,2.8335438680543,0.00928849152905342,2.52631636878422,0.0229736438520766,2.29684610477808,0.0485804523813839,-0.0711508470946578
1,108,3.00437,2.75421,2.46306,2.25371,34,3.01778364771733,0.00520419225236257,2.78793033805573,0.0110837568846494,2.49038617741975,0.0272150600491925,2.26768859207418,0.0522235101564779,0.108375688464935
1,111,3.01871,2.7889,2.48574,2.24775,35,2.96753338183358,0.00427186136763946,2.7450667898465,0.00871402245122765,2.45654766967349,0.0227722425601395,2.24017982439619,0.0488027095385423,-0.128597754877235
1,114,2.86938,2.65158,2.39639,2.19283,36,2.9202854347939,0.00588215137322334,2.70470313072536,0.011884582295008,2.42461576853217,0.0274348472162195,2.21417720064062,0.0536347853489261,0.188458229500799
1,117,2.9053,2.66711,2.3718,2.17723,37,2.87577009534005,0.00453844349842203,2.66661900243473,0.00998360818207833,2.39442689848285,0.0269896283460367,2.1895543719921,0.0521231896663511,-0.00163918179216704
1,120,2.82703,2.62406,2.36804,2.17642,38,2.83374927913572,0.00511502843607259,2.63061947627124,0.0102281226661866,2.36583593490111,0.0248092523928144,2.16619897437603,0.0482615692029715,0.0228122666186557
1,123,2.71245,2.54256,2.31574,2.12743,39,2.79401201648236,0.00664910348257375,2.59653147546131,0.012104924039976,2.33871365956299,0.0271341954016466,2.14401073152363,0.053026457711091,0.210492403997598
1,126,2.76846,2.59044,2.31755,2.14415,40,2.75637069090507,0.00478823131409944,2.56420078544901,0.00909225711480799,2.31294462688753,0.0245826345174468,2.12289985973981,0.0462846898830134,-0.0907742885192011
1,129,2.75362,2.57326,2.30363,2.1168,41,2.72065788692414,0.00442962234948108,2.53348954242665,0.0086246790726251,2.28842536552277,0.0236162110983249,2.10278571973913,0.047462462351732,-0.13753209273749
1,132,2.68474,2.50845,2.27773,2.08794,42,2.68672373504562,0.00503760336845527,2.50427411318965,0.00984183337661781,2.26506285530214,0.0238149390165002,2.0835956719467,0.0491817664910895,-0.0158166623382185
1,135,2.5898,2.44216,2.22534,2.06467,43,2.65443366488587,0.00642585264936257,2.47644329698343,0.0114361257542478,2.24277323155019,0.0267683538533834,2.06526410024673,0.0501153718111114,0.143612575424779
1,138,2.59686,2.42043,2.2132,2.03357,44,2.62366649511567,0.00556190012271263,2.44989679369324,0.0112531024260339,2.2214806780592,0.0258436321334102,2.04773157589101,0.0528825700430764,0.125310242603395
1,141,2.67856,2.44024,2.21841,2.03712,45,2.59431280278226,0.00355336960707919,2.42454389345138,0.00937732599914265,2.20111647740166,0.0232902754542064,2.03094413858704,0.0487668402920517,-0.0622674000857351
1,144,2.59958,2.40599,2.19223,2.01572,46,2.56627352549132,0.00435363298706337,2.4003023511849,0.00976459878344638,2.18161819305713,0.0239148024243571,2.01485267599841,0.0498215386998933,-0.0235401216553623
1,147,2.50972,2.3607,2.17252,2.00988,47,2.53945875856669,0.00567495301549747,2.37709741634236,0.0107270679464558,2.16292896245808,0.0239974460446309,1.99941238625252,0.0478469156998931,0.0727067946455837
1,150,2.46274,2.34953,2.15516,1.99932,48,2.51378671618291,0.00624433076300324,2.35486099337922,0.0102357176477694,2.1449968837639,0.0239182727365619,1.98458231075004,0.0469396673345593,0.0235717647769427
1,153,2.49553,2.33603,2.14287,1.97608,49,2.48918283097394,0.00486101630292934,2.33353091288284,0.00988915691856196,2.12777448215326,0.023380261981666,1.97032492674892,0.0487606027315404,-0.0110843081438041
1,156,2.48068,2.3441,2.1198,1.96261,50,2.46557897104884,0.00466914985413369,2.31305029667663,0.00868270152832717,2.11121824383695,0.0240488092426843,1.95660579096209,0.0486848167312279,-0.131729847167283
1,159,2.45394,2.33282,2.10194,1.95699,51,2.44291275692995,0.00475131881609481,2.29336700305078,0.00832769105962805,2.09528820795405,0.0242461660306218,1.94339322684759,0.0470197268878031,-0.167230894037195
1,162,2.39409,2.23372,2.07678,1.92429,52,2.42112696384169,0.00568069771492463,2.27443314055268,0.0121213162184306,2.07994760811566,0.025373640269722,1.93065804944931,0.0514825704100096,0.21213162184306
1,165,2.41556,2.256,2.07762,1.91324,53,2.40016899715607,0.00464326058240561,2.25620464064028,0.0100098570682543,2.06516255667461,0.0235581134803463,1.91837332261419,0.0512118308803311,0.000985706825430199
1,168,2.43765,2.31882,2.07314,1.92008,54,2.37999043075232,0.00376988116313737,2.2386408810387,0.00674891102164532,2.05090176588171,0.022442650108127,1.90651414421343,0.0468800481795622,-0.325108897835468
1,171,2.32412,2.19277,2.04358,1.89098,55,2.36054659965349,0.0059972436118092,2.22170435290823,0.0115519669410376,2.03713630098529,0.0242183449365792,1.89505745565795,0.0509915684834099,0.155196694103755
1,174,2.34782,2.17912,2.00736,1.88473,56,2.34179623963329,0.00484928290687292,2.20536036598266,0.0114235813960768,2.02383936107362,0.0271485660738857,1.88398187255128,0.0498173004529547,0.14235813960768
1,177,2.30863,2.13727,1.99392,1.86821,57,2.32370116758607,0.00540522898643525,2.18957678671094,0.0130943331047596,2.01098608408266,0.0272651758704482,1.87326753378277,0.0512711364278039,0.30943331047596
1,180,2.32418,2.19736,1.99469,1.86272,58,2.30622599738363,0.00454948334739336,2.17432380516411,0.00886130125283091,1.99855337290594,0.0255039467844631,1.8628959667535,0.0500443653319611,-0.113869874716909
1,183,2.242,2.12867,1.98196,1.85293,59,2.28933788668357,0.00644005982739326,2.15957372708113,0.0117890088643804,1.98651973998432,0.0256050059959209,1.85284996674982,0.0499795418570966,0.178900886438039
1,186,2.25343,2.12811,1.97135,1.84504,60,2.27300631084474,0.0055613252572454,2.14530078794071,0.0109749503346995,1.97486516811688,0.0254721596823986,1.84311348875586,0.0495028209876487,0.0974950334699529
1,189,2.25964,2.13323,1.96462,1.84387,61,2.25720286059931,0.00493314776370091,2.13148098637902,0.00990429338042687,1.96357098554586,0.0248587227417962,1.83367155022809,0.0473859827340852,-0.00957066195731349
1,192,2.21974,2.129,1.96656,1.83059,62,2.24190106062623,0.00566175190345097,2.1180919346408,0.00940913754427319,1.95261975363175,0.0231596010353342,1.82451014355285,0.0484044549024886,-0.0590862455726806
1,195,2.23792,2.11875,1.94324,1.8206,63,2.22707620654254,0.00470045194958768,2.10511272406136,0.00925629140327311,1.9419951656577,0.0248276702637036,1.81561615707566,0.0486711503184426,-0.0743708596726891
1,198,2.20209,2.09119,1.93279,1.79686,64,2.2127052181648,0.00531648314779198,2.09252380384172,0.0100769384897067,1.93168195549416,0.0248444467879235,1.80697730373516,0.0528416144186767,0.00769384897066994
1,201,2.16078,2.07087,1.92458,1.79648,65,2.1987665071745,0.00624757033498669,2.08030687160767,0.010565199892465,1.92166581501622,0.0245874511295248,1.79858205645748,0.0505857032922112,0.056519989246496
1,204,2.14116,2.04648,1.90549,1.79482,66,2.18523985756087,0.00649877155354317,2.06844477443129,0.0113846094394545,1.91193331930871,0.0259486500409529,1.79041958957114,0.0487795591057054,0.138460943945452
1,207,2.16427,2.05939,1.8949,1.77793,67,2.17210631742301,0.00524223128185397,2.05692141916851,0.00985317719395717,1.90247185881143,0.0261331510454705,1.78247972559929,0.0513083207009299,-0.0146822806042826
1,210,2.17585,2.04354,1.88013,1.76864,68,2.15934810088888,0.00451933992991804,2.04572169109398,0.0101333314494755,1.89326957766267,0.0270241800452029,1.77475288685329,0.0517870104046437,0.013333144947548
1,213,2.17034,2.02917,1.87796,1.75796,69,2.14694849906271,0.00432397189192735,2.03483137996317,0.010354306398092,1.88431531758796,0.025972306274024,1.76723005133364,0.0527667434813005,0.0354306398091984
1,216,2.16832,2.03974,1.89101,1.76133,70,2.13489179904369,0.00405109543489701,2.02423711270489,0.0090783559377241,1.87559856675875,0.0227597303735355,1.75990271249166,0.0495815096964182,-0.0921644062275897
1,219,2.1091,2.01244,1.86257,1.74603,71,2.12316321017413,0.00546860996294307,2.01392629206974,0.0100942337587294,1.86710941311311,0.0257079744212164,1.75276284246457,0.0520429947746155,0.00942337587294206
1,222,2.08356,1.99551,1.85293,1.74546,72,2.11174879677267,0.00599686941369881,2.00388704062231,0.0105495828779391,1.85883850168903,0.0259364172904447,1.74580285843417,0.0501033466003975,0.0549582877939057
1,225,2.07232,1.97321,1.8603,1.75116,73,2.10063541669609,0.00601567648126278,1.99410814954147,0.0114452659196758,1.85077699557219,0.0235424735520849,1.73901559180566,0.0464279244043029,0.144526591967576
1,228,2.07204,1.96977,1.84125,1.73193,74,2.08981066514704,0.00562375069170684,1.98457903175228,0.0110169694581552,1.84291654010439,0.0252668739583182,1.73239425993149,0.0501431022330083,0.101696945815522
1,231,2.07229,1.95783,1.82818,1.72649,75,2.07926282321191,0.00523912404863447,1.97528967896684,0.0112245261568054,1.83524923003856,0.0261642232468678,1.72593244013703,0.0498268016826003,0.122452615680536
1,234,2.06588,1.97656,1.82282,1.71999,76,2.06898081066988,0.00510626180986529,1.96623062225824,0.00933064746072299,1.82776757935934,0.0258185660611487,1.71962404583433,0.0498850529516202,-0.0669352539277015
1,237,2.0284,1.94744,1.82231,1.71501,77,2.05895414266049,0.00616469914014828,1.95739289583083,0.0106974404142638,1.82046449352042,0.0246978421535216,1.71346330452433,0.0495108340212995,0.0697440414263792
1,240,2.06428,1.94926,1.82331,1.7118,78,2.04917288985398,0.00450170582268739,1.94876800368917,0.00996632508817863,1.81333324387333,0.023391166901768,1.70744473752044,0.0486201559357533,-0.00336749118213708
1,243,1.98846,1.88721,1.78709,1.69531,79,2.03962764178745,0.00715505958500107,1.94034788893674,0.0144283003039614,1.80636744408907,0.0284519142751786,1.70156314123408,0.052066318948947,0.442830030396136
1,246,2.04693,1.9469,1.8056,1.69384,80,2.03030947308402,0.00444270684875903,1.93212490546477,0.0090151878088004,1.7995610283923,0.0239935202852964,1.69581356988415,0.0506501848301814,-0.0984812191199604
1,249,2.04134,1.94944,1.80177,1.68694,81,2.02120991228963,0.00432615316908103,1.92409179181776,0.0083531166856039,1.79290823144652,0.02352188473096,1.69019131950479,0.0510859830023241,-0.16468833143961
1,252,2.02532,1.91708,1.78091,1.68309,82,2.01232091309398,0.00454925608998258,1.91624164703798,0.00994015764154565,1.78640356974698,0.0259703373165798,1.6846919131385,0.0505375098785021,-0.0059842358454345
1,255,2.00878,1.9279,1.79162,1.67663,83,2.00363482772536,0.00481461213306256,1.90856790832231,0.00869274990912061,1.78004182438794,0.0230486374912066,1.67931108711294,0.0509113154394166,-0.130725009087939
1,258,1.9942,1.91862,1.7971,1.68007,84,1.99514438232844,0.00503515414721234,1.90106433032684,0.00879396155418211,1.77381802508918,0.0211903948296782,1.67404477830944,0.0479888135178902,-0.120603844581789
1,261,1.9961,1.88052,1.77012,1.6655,85,1.98684265415662,0.00466454824294704,1.89372496598634,0.0110225340181852,1.76772743537396,0.0245761796002791,1.66888911234013,0.0511763886334132,0.10225340181852
1,264,1.96461,1.89163,1.77263,1.65938,86,1.97872305041955,0.00556355280745024,1.88654414871227,0.00962767819673827,1.7617655388026,0.023112741104567,1.66384039255887,0.0515679249791988,-0.0372321803261735
1,267,1.96603,1.86097,1.74913,1.65574,87,1.97077928865382,0.00518499134165573,1.87951647586135,0.0114955654092239,1.75592802617458,0.0262667095348291,1.6588950898372,0.0511144503018633,0.149556540922392
1,270,1.96066,1.87128,1.748,1.65495,88,1.96300537848354,0.00509145027334623,1.87263679336641,0.010103681374568,1.7502107836204,0.0254092037160863,1.65404983304419,0.049683428209968,0.0103681374567963
1,273,1.92675,1.86336,1.76305,1.65936,89,1.95539560466096,0.00624968915316215,1.86590018143535,0.0101968503862134,1.74460988151115,0.0217959077103299,1.64930140017382,0.0465377059365107,0.019685038621343
1,276,1.94023,1.8513,1.74709,1.64623,90,1.94794451128131,0.00531327330833442,1.85930194123335,0.0106390839275738,1.73912156412116,0.0235513086899833,1.6446467100677,0.0494347736390276,0.0639083927573845
1,279,1.95933,1.85304,1.73316,1.64213,91,1.94064688707861,0.00430825162514903,1.85283758246838,0.00998418048569216,1.73374223998436,0.0251100845317522,1.64008281468995,0.0492641123609775,-0.00158195143078377
1,282,1.92542,1.85406,1.72032,1.62938,92,1.93349775171647,0.00533500605689941,1.84650281181044,0.00942042413062905,1.72846847288977,0.0265974461458435,1.63560689190708,0.0523211779713491,-0.0579575869370954
1,285,1.91883,1.83197,1.7216,1.63254,93,1.92649234299606,0.00532031971363611,1.84029352207952,0.0106847009213564,1.72329697346793,0.0253278048473187,1.63121623873805,0.0495150279608333,0.0684700921356427
1,288,1.93987,1.85478,1.72395,1.62932,94,1.9196261049101,0.00423532847222052,1.83420578214172,0.00847248147940494,1.71822459132371,0.0239144897809169,1.62690826503757,0.0491125454741412,-0.152751852059506
1,291,1.89453,1.82628,1.72114,1.62864,95,1.91289467647875,0.00581741847654615,1.82823582746222,0.0101597912625033,1.71324830766915,0.023503396922305,1.62268048758042,0.0478163561223598,0.0159791262503326
1,294,1.91427,1.8375,1.73135,1.63347,96,1.90629388130546,0.00467821576248029,1.82238005126342,0.00883470082157845,1.70836522843207,0.0208435205607627,1.61853052451752,0.0446521040122906,-0.116529917842155
1,297,1.91088,1.80543,1.70265,1.60439,97,1.89981971780413,0.00455554148272852,1.81663499624433,0.0109667839309082,1.70357257778864,0.0251837642595744,1.61445609017635,0.0539631521441507,0.0966783930908219
1,300,1.91416,1.83351,1.70601,1.61214,98,1.89346835004206,0.00419369125721958,1.81099734682003,0.00828739595333672,1.69886769210057,0.0236088455519864,1.61045499018111,0.0493585338650621,-0.171260404666328
1,303,1.87544,1.80095,1.6937,1.6083,99,1.88723609915705,0.00553028024924895,1.80546392184263,0.010385681505566,1.69424801422825,0.0251107728106036,1.60652511686959,0.0493193615125844,0.0385681505565958
1,306,1.88757,1.80224,1.69468,1.60337,100,1.88111943530622,0.00472911869053461,1.80003166776997,0.0098148808896521,1.68971108817944,0.0240088644169762,1.60266444498595,0.0497263366102049,-0.01851191103479
1,309,1.87775,1.80297,1.6874,1.60244,101,1.8751149701079,0.00488662175300292,1.79469765224917,0.00931805204183445,1.68525455409135,0.0245640316504233,1.59887102762999,0.0486196550384833,-0.0681947958165554
1,312,1.86462,1.77738,1.6731,1.59086,102,1.86921944954224,0.00520582018145832,1.78945905808669,0.0110921836815506,1.68087614350362,0.0266553484421298,1.59514299244524,0.0517170367853043,0.109218368155063
1,315,1.85723,1.77833,1.67465,1.58632,103,1.86342974727612,0.00528171851107773,1.7843131775772,0.0105316795217744,1.67657367491239,0.0254032941124493,1.59147853802948,0.052090170060464,0.0531679521774362
1,318,1.83795,1.77573,1.67395,1.59273,104,1.85774285838941,0.00596301140240996,1.77925740716702,0.0103127256162784,1.67234504958318,0.0246656717227021,1.58787593055261,0.0480904969859396,0.0312725616278384
1,321,1.83731,1.75817,1.66374,1.57891,105,1.85215589346367,0.00571270268781476,1.77428924242866,0.0115203335196536,1.66818824760539,0.0259563426159304,1.58433350056794,0.0522321613869955,0.152033351965365
1,324,1.84373,1.78098,1.6749,1.58845,106,1.8466660730199,0.0051347922926972,1.76940627332604,0.00902254730793683,1.66410132417192,0.0227995193714922,1.58084964000437,0.0469988801085229,-0.0977452692063165
1,327,1.85908,1.77642,1.67313,1.58605,107,1.8412707222749,0.00424783103367732,1.76460617975029,0.00899602701907742,1.66008240607184,0.0223466208938462,1.57742279932507,0.0465832952712356,-0.100397298092258
1,330,1.83407,1.76278,1.65628,1.57604,108,1.83596726619746,0.00508807798383304,1.75988672730868,0.00974266686310254,1.65612968837265,0.0249675727914274,1.57405148484982,0.0491870473534934,-0.0257333136897455
1,333,1.81664,1.74659,1.64531,1.56909,109,1.83075322484369,0.00569807752248253,1.7552457633495,0.0108158002811871,1.65224143129682,0.0265505100960756,1.57073425621594,0.0506862306270588,0.0815800281187116
1,336,1.82219,1.74916,1.64294,1.55966,110,1.82562620895391,0.00516313670431057,1.75068121320817,0.0101399831249804,1.64841595726151,0.026226389102596,1.5674697239849,0.0533603988247768,0.0139983124980434
1,339,1.80708,1.72791,1.63564,1.56158,111,1.82058391579313,0.00567681546443,1.74619107665949,0.0118266875033937,1.64465164808334,0.0270629087470984,1.56425654737465,0.0511368246002174,0.182668750339366
1,342,1.83484,1.75784,1.64694,1.5538,112,1.81562412522048,0.00416473843004694,1.74177342456368,0.00861208617566989,1.64094694233317,0.023702408003337,1.56109343211386,0.0531751594962798,-0.138791382433011
1,345,1.8426,1.75044,1.64196,1.56087,113,1.81074469597223,0.00368284135151009,1.73742639569339,0.00885297032414456,1.63730033283225,0.0239786845935722,1.55797912840983,0.0487824568601923,-0.114702967585544
1,348,1.80131,1.72672,1.63222,1.55944,114,1.80594356214532,0.00522795863256886,1.73314819373046,0.0106225551470344,1.63371036428088,0.0253374961047259,1.55491242902306,0.0480931251639033,0.0622555147034363
1,351,1.7838,1.71735,1.63153,1.54944,115,1.80121872986854,0.00591759882002041,1.72893708442199,0.0111573819855397,1.63017563101152,0.0246949558436923,1.55189216744192,0.0510683967825247,0.115738198553973
1,354,1.81621,1.7409,1.63457,1.55827,116,1.79656827415,0.00412503922786556,1.72479139288575,0.00857186750965078,1.62669477485868,0.0232636175535568,1.54891721615139,0.0460865971863851,-0.142813249034922
1,357,1.80664,1.73397,1.63642,1.55248,117,1.79199033588992,0.0043277435379887,1.72070950105592,0.00880151164517318,1.62326648313873,0.0221465162136952,1.54598648499028,0.0472351010048191,-0.119848835482682
1,360,1.77452,1.71234,1.62085,1.54069,118,1.7874831190487,0.00568356430842631,1.71668984526065,0.01042915527527,1.61988948673236,0.024779025383356,1.54309891959154,0.0510695688420326,0.0429155275269997
1,363,1.76155,1.70192,1.62116,1.54389,119,1.78304488796069,0.0061909639472475,1.71273091392337,0.011107095038748,1.61656255826492,0.0239522832917969,1.54025349990088,0.0484145653986787,0.110709503874796
1,366,1.76474,1.69514,1.61072,1.53306,120,1.77867396478549,0.00574912332995281,1.70883124538085,0.0114313474602323,1.6132845103773,0.0256068644094697,1.53744923876911,0.0519891537780258,0.143134746023233
1,369,1.76988,1.70441,1.61133,1.53826,121,1.77436872708792,0.00523194761920098,1.70498942581078,0.0100573023774008,1.6100541940832,0.0247012891799103,1.53468518061386,0.0484222507957653,0.00573023774007675
1,372,1.77351,1.70562,1.6108,1.5327,122,1.77012760553954,0.00483072570412335,1.70120408726255,0.00957073672518105,1.60687049720733,0.0240850918084476,1.53196040014643,0.0496677896944172,-0.042926327481895
1,375,1.76098,1.69851,1.6085,1.53364,123,1.76594908173452,0.00526090818939873,1.69747390578543,0.00989699851857717,1.60373234289993,0.0238873617985051,1.52927400116231,0.0480566189217209,-0.0103001481422829
1,378,1.77386,1.70877,1.60653,1.53057,124,1.76183168611323,0.00441567702545098,1.69379759964831,0.00859841286387686,1.60063868822422,0.0236238296301207,1.52662511538477,0.0482307911069696,-0.140158713612314
1,381,1.74824,1.68889,1.58802,1.52071,125,1.75777399598748,0.00551921492673169,1.69017392764602,0.0101307212015624,1.59758852280798,0.0274115337708102,1.52401290137089,0.0515357097027367,0.0130721201562443
1,384,1.74925,1.69183,1.59707,1.52259,126,1.75377463366123,0.00524181069572149,1.68660168748702,0.00948103038053483,1.59458086756679,0.0244025544876392,1.52143654346311,0.0494705791048611,-0.0518969619465173
1,387,1.76512,1.69142,1.59795,1.52002,127,1.74983226464214,0.00425590627584294,1.68307971425835,0.00917962751605661,1.59161477347962,0.0234970393367296,1.51889525079304,0.0494807453366711,-0.082037248394339
1,390,1.75803,1.69662,1.60306,1.52263,128,1.74594559593803,0.00439878447376696,1.67960687896331,0.00838605529534631,1.58868932042673,0.0216944519213029,1.51638825633073,0.0471644043872809,-0.161394470465369
1,393,1.73002,1.66684,1.58157,1.51058,129,1.74211337443414,0.00568541817830015,1.67618208712662,0.0110150467139092,1.58580361608039,0.0260667299301535,1.51391481597828,0.0515869530017533,0.101504671390918
1,396,1.76784,1.68761,1.58411,1.51902,130,1.7383343853465,0.00363924301686258,1.67280427746769,0.00856432730632473,1.58295679484641,0.0247149629570237,1.51147420770293,0.0465537140703766,-0.143567269367527
1,399,1.71446,1.65846,1.57276,1.50404,131,1.7346074507473,0.00620761688563154,1.66947242063141,0.0112219265374088,1.58014801685454,0.0269115865996503,1.50906573071444,0.0524364049571936,0.122192653740883
1,402,1.71924,1.65575,1.57677,1.5091,132,1.73093142815837,0.00567425729712168,1.66618551797966,0.0111617100329853,1.57737646699459,0.0251528665100682,1.50668870467303,0.0488619018852134,0.116171003298527
1,405,1.72185,1.66966,1.57278,1.50412,133,1.72730520920895,0.00530626524377864,1.66294260043693,0.00931044947564996,1.57464135399596,0.0254746339336634,1.50434246893749,0.0501067874904478,-0.0689550524350038
1,408,1.73625,1.6599,1.57181,1.49471,134,1.72372771835465,0.00435662466033371,1.65974272738852,0.00998321461896745,1.5719419095481,0.0250335482319296,1.50202638184477,0.0536427753911105,-0.00167853810325491
1,411,1.71059,1.64699,1.56625,1.49537,135,1.72019791165433,0.00555838578050949,1.65658498562661,0.0110831219655165,1.56927738746163,0.0257850110217732,1.49973982002147,0.0521593302310424,0.108312196551653
1,414,1.72068,1.64575,1.57414,1.49978,136,1.71671477560121,0.00478446272984401,1.65346848834664,0.0108679772031496,1.56664706286241,0.0231423231081612,1.49748217772624,0.048891688978467,0.0867977203149581
1,417,1.68775,1.64502,1.55936,1.4965,137,1.71327732600626,0.00663989332672066,1.65039237418294,0.0106002904021287,1.56405023142564,0.0262396398331909,1.49525286621844,0.0493925085524349,0.0600290402128731
1,420,1.7195,1.65489,1.5656,1.50227,138,1.70988460693095,0.00448716814563643,1.64735580629241,0.00920833922946462,1.56148620864012,0.023952461302749,1.49305131315697,0.0456439976667024,-0.0791660770535376
1,423,1.69888,1.64741,1.55932,1.49229,139,1.70653568966609,0.00545098926595566,1.64435797147084,0.00966997441134843,1.558954329105,0.0249046741869404,1.49087696202245,0.049305100208341,-0.0330025588651575
1,426,1.71251,1.64965,1.5574,1.49561,140,1.70322967175574,0.00449875564312574,1.64139807931523,0.00912692172516616,1.55645394585659,0.0247527749444555,1.48872927156494,0.0466818298442052,-0.0873078274833841
1,429,1.69602,1.63083,1.54853,1.48876,141,1.69996567606236,0.00523038066827075,1.63847536141607,0.0108845658479665,1.55398442972361,0.0264788137451408,1.48660771527453,0.048934387623732,0.0884565847966488
1,432,1.69546,1.63275,1.54518,1.47783,142,1.69674284987276,0.00507422289193582,1.63558907058658,0.0103219289922074,1.55154516870973,0.0267428410396718,1.4845117808742,0.053461633930257,0.0321928992207408
1,435,1.69105,1.63948,1.54747,1.47823,143,1.69356036404143,0.00514705766460921,1.63273848012374,0.00926971730955917,1.5491355674017,0.0254478411584812,1.48244096983362,0.0521680097655705,-0.0730282690440833
1,438,1.70521,1.63331,1.54942,1.48051,144,1.69041741217032,0.00420835773127881,1.62992288310032,0.00962452494883792,1.54675504640218,0.0242951573279395,1.48039479690296,0.0499415663355778,-0.037547505116208
1,441,1.69029,1.64211,1.54477,1.47797,145,1.68731320982162,0.00482904117019589,1.62714159168576,0.00843211628285356,1.54440304178588,0.02490132686414,1.47837278966581,0.0502057998183509,-0.156788371714644
1,444,1.679,1.62451,1.53967,1.47744,146,1.68424699376678,0.00531738530703296,1.62439393649863,0.00998676769327378,1.54207900457769,0.0256602236593526,1.47637448811012,0.0494566550052439,-0.00132323067262208
1,447,1.6813,1.63177,1.54418,1.47496,147,1.68121802126186,0.00499516324025751,1.62167926597767,0.00890448629018181,1.53978240025327,0.0238297311746467,1.47439944421654,0.0497120983644891,-0.109551370981819
1,450,1.67799,1.61617,1.5389,1.47138,148,1.67822556935566,0.00501399774120215,1.61899694578776,0.010330959479098,1.53751270825649,0.024623310198333,1.47244722156315,0.0505549695027561,0.0330959479098012
1,453,1.68065,1.61649,1.53402,1.46837,149,1.67526893422508,0.00468872995545977,1.61634635824371,0.00998337115244452,1.535269421541,0.0253455450082312,1.47051739494592,0.0511277431753503,-0.00166288475554799
1,456,1.64678,1.60624,1.52119,1.46012,150,1.67234743053734,0.00678187753168247,1.61372690175926,0.0109089485954446,1.53305204612582,0.0284828396615876,1.46860955001413,0.0546166016103424,0.0908948595444556
1,459,1.67223,1.60799,1.51653,1.46122,151,1.66946039083764,0.00483571517781634,1.61113799031788,0.0103749511991349,1.53086010067058,0.0292840124182981,1.46672328292006,0.0529646808746778,0.0374951199134896
1,462,1.65396,1.6048,1.52796,1.46224,152,1.6666071649612,0.00582543252953627,1.6085790529643,0.0104540136412239,1.52869311606723,0.0252051830029818,1.46485819998235,0.0513977423977779,0.0454013641223892
1,465,1.66927,1.62012,1.53442,1.46386,153,1.66378711946926,0.00467663263332918,1.60604953331626,0.00846215888072455,1.52655063504557,0.0228837054026777,1.46301391736231,0.0495536850578027,-0.153784111927545
1,468,1.65471,1.59312,1.52511,1.46638,154,1.66099963710597,0.00539952949745204,1.60354888909505,0.0113145087092814,1.52443221179914,0.0248098974212143,1.46119006075268,0.0473066175027546,0.131450870928141
1,471,1.65667,1.59085,1.51777,1.45962,155,1.65824411627766,0.00509772999217228,1.60107659167447,0.0112941648816662,1.52233741161963,0.0263231193540154,1.4593862650783,0.0498752109474846,0.129416488166624
1,474,1.64594,1.59232,1.51867,1.45433,156,1.6555199705505,0.005627150530498,1.59863212564697,0.0107849724161233,1.52026581054747,0.0254572338389736,1.45760217420799,0.0517850247555675,0.0784972416123306
1,477,1.67216,1.61225,1.52651,1.45768,157,1.65282662817152,0.00392802574236406,1.59621498840664,0.00823521271585714,1.51821699503728,0.0227344285844147,1.45583744067747,0.0490151747718275,-0.176478728414286
1,480,1.64636,1.59156,1.51956,1.45297,158,1.65016353160201,0.00524293734449499,1.5938246897476,0.0102778526864264,1.51619056163533,0.0240510122502033,1.45409172542237,0.050610996602643,0.0277852686426447
1,483,1.64303,1.59807,1.51581,1.44816,159,1.64753013707371,0.00529008439956502,1.59146075147811,0.00922584471130028,1.51418611666498,0.0245362877450325,1.45236469752144,0.0523356345325485,-0.0774155288699721
1,486,1.64903,1.58762,1.5118,1.45288,160,1.64492591415937,0.00474763444206405,1.58912270704874,0.0101853100774908,1.51220327593071,0.0251169424318649,1.450656033949,0.0487979113099186,0.0185310077490795
1,489,1.64535,1.59467,1.51565,1.45085,161,1.64235034535958,0.00481344152977903,1.58681010119437,0.00907769942031911,1.51024166442766,0.0234731629186585,1.44896541933658,0.0489752488901183,-0.0922300579680893
1,492,1.65109,1.58704,1.50458,1.44427,162,1.63980292570582,0.00432917539283695,1.5845224895899,0.00969391472679815,1.50830091606415,0.0261085055622673,1.44729254574323,0.0516914028482013,-0.0306085273201853
1,495,1.62769,1.58041,1.51437,1.4457,163,1.63728316237728,0.00565086534012438,1.58225943851805,0.010231756734605,1.5063806733938,0.0227565057335397,1.44563711243411,0.0499651968744469,0.0231756734604969
1,498,1.61663,1.55966,1.49564,1.43492,164,1.63479057433224,0.00630691721303611,1.58002052454985,0.0128642071836611,1.50448058735735,0.0277333916825393,1.44399882566705,0.0552833182841473,0.28642071836611
1,501,1.66421,1.59917,1.50278,1.44072,165,1.63232469195283,0.00330219355058814,1.57780533423537,0.00764128462637315,1.50260031703386,0.024946898444451,1.44237739848676,0.0509330902901618,-0.235871537362685
1,504,1.62154,1.56987,1.5034,1.44417,166,1.6298850567028,0.00557008984103902,1.57561346380876,0.0107469000311475,1.50073952940056,0.0242210577323394,1.44077255052634,0.0481276747270248,0.0746900031147533
1,507,1.6243,1.5736,1.50223,1.4432,167,1.62747122079727,0.00521069777229988,1.57344451889978,0.00998039479175006,1.49889789910262,0.0240238971810752,1.43918400781573,0.0477846766925921,-0.00196052082499421
1,510,1.62487,1.56569,1.49709,1.43512,168,1.62508274688477,0.00501393873444456,1.57129811425853,0.0107354295027756,1.4970751082274,0.0249955379066547,1.43761150259702,0.0514264993649863,0.0735429502775617
1,513,1.63137,1.57817,1.49487,1.43713,169,1.62271920774039,0.00446138197081047,1.56917387348888,0.00891469403217282,1.49527084609164,0.0251208977796878,1.43605477314602,0.0493930112823293,-0.108530596782718
1,516,1.62632,1.57081,1.49209,1.43264,170,1.62038018596969,0.00462224603914796,1.5670714287916,0.00953256621006116,1.49348480903225,0.025424823432292,1.43451356360017,0.0510781846482391,-0.0467433789938845
1,519,1.62038,1.57022,1.49903,1.43151,171,1.6180652737232,0.00484873340027303,1.56499042071491,0.00934925881561621,1.49171670020589,0.0228697685666531,1.43298762379225,0.0508520694360268,-0.0650741184383787
1,522,1.61195,1.56308,1.49007,1.43063,172,1.61577407242093,0.00526104088152268,1.56293049791819,0.00998073182481662,1.48996622939525,0.024968396445896,1.43147670908989,0.0504886350358291,-0.00192681751833756
1,525,1.6148,1.56331,1.49294,1.43315,173,1.61350619248641,0.00491415362539283,1.56089131693728,0.00969126107251261,1.48823311282192,0.0235975778858853,1.42998058024046,0.0482014944833724,-0.0308738927487386
1,528,1.60205,1.56123,1.48423,1.42896,174,1.61126125308975,0.00565708265992459,1.55887254196323,0.00969769845378876,1.48651707296558,0.0257119138425222,1.42849900322121,0.0497336470838156,-0.0302301546211239
1,531,1.59358,1.5506,1.48524,1.42712,175,1.6090388818994,0.006154424827995,1.55687384462636,0.0108523220393082,1.4848178383895,0.0248700771810169,1.42703174909454,0.0499487097592504,0.0852322039308193
1,534,1.60469,1.55652,1.48073,1.42413,176,1.60683871484346,0.00514768834301749,1.55489490378773,0.00978891765197498,1.48313514357166,0.0257553541166171,1.42557859386796,0.05085206455952,-0.0211082348025018
1,537,1.59785,1.54932,1.48722,1.42535,177,1.60466039587771,0.00548475201733956,1.55293540533812,0.0104872391847539,1.48146872874175,0.0232694728788908,1.42413931835886,0.049295040623323,0.0487239184753916
1,540,1.60081,1.54671,1.48054,1.42021,178,1.60250357676207,0.00511706437738502,1.55099504200338,0.0105823842625929,1.47981833972343,0.0247756071304579,1.42271370806357,0.051492561896986,0.0582384262592948
1,543,1.59681,1.54941,1.48023,1.42684,179,1.60036791684464,0.00525004207911728,1.54907351315647,0.00995539357736852,1.4781837277819,0.0243660991016272,1.42130155303094,0.0468240007912046,-0.00446064226314791
1,546,1.60412,1.55071,1.48265,1.42322,180,1.59825308285283,0.00461084259392808,1.54717052463567,0.00953827638474358,1.47656464947644,0.0231513168318362,1.41990264773981,0.0480679121185772,-0.0461723615256417
1,549,1.58399,1.52998,1.47327,1.41896,181,1.59615874869142,0.00591385743636286,1.54528578856889,0.0122611541940074,1.4749608665178,0.025539542141101,1.41851679098065,0.0497368895793667,0.226115419400742
1,552,1.6205,1.55436,1.47779,1.41431,182,1.59408459524722,0.00345352879823446,1.5434190232031,0.0086268807289499,1.47337214563016,0.0236345126044221,1.41714378574092,0.0517186234460796,-0.13731192710501
1,555,1.58019,1.53607,1.46172,1.40348,183,1.59203031020038,0.00589513577357248,1.54156995274092,0.0107692274002796,1.47179825841768,0.0284062926121956,1.41578343909415,0.0578840918196866,0.0769227400279635
1,558,1.57902,1.53637,1.46767,1.41255,184,1.58999558784149,0.00582851101666937,1.53973830718043,0.0104665753779735,1.47023898123519,0.0258337169102298,1.41443556209252,0.0511463401755825,0.0466575377973464
1,561,1.58085,1.53223,1.46276,1.41374,185,1.58798012889479,0.00552655407066593,1.5379238221616,0.0108039175981144,1.46869409506311,0.0269724311845604,1.41309996966289,0.0496147543206192,0.0803917598114388
1,564,1.57345,1.52627,1.46386,1.4126,186,1.58598364034718,0.00596466634008963,1.53612623881716,0.0114358112650069,1.46716338538631,0.0260851104008029,1.41177648050611,0.0495029862209571,0.143581126500692
1,567,1.57981,1.53258,1.46246,1.40631,187,1.58400583528258,0.00530625886988967,1.5343453036282,0.0102449223357524,1.46564664207683,0.0260500535802302,1.41046491699946,0.0525862411684693,0.024492233575236
1,570,1.57754,1.53091,1.46704,1.41253,188,1.58204643272152,0.00533098248618946,1.5325807682845,0.0102325746045209,1.46414365928023,0.0240762831697634,1.40916510510216,0.0479827069295804,0.0232574604520872
1,573,1.5584,1.5321,1.4617,1.40361,189,1.58010515746595,0.00680504825187789,1.53083238954905,0.00982622559170576,1.46265423530554,0.0253125996086738,1.4078768742638,0.0526773032626888,-0.0173774408294238
1,576,1.58923,1.53131,1.46207,1.41092,190,1.57818173994892,0.00426430084367146,1.52909992912706,0.00969773932188422,1.46117817251864,0.024710007335079,1.40660005733563,0.047405457761161,-0.0302260678115776
1,579,1.57212,1.53215,1.4642,1.40462,191,1.57627591608877,0.00530821735437392,1.52738315353875,0.00935646851091798,1.45971527723885,0.0235678091179429,1.40533449048452,0.0504427901400153,-0.0643531489082019
1,582,1.58158,1.52219,1.45558,1.40037,192,1.57438742714826,0.00450475479808465,1.52568183399655,0.0104996387566222,1.45826535963884,0.025898947977792,1.40408001310956,0.0523462054768224,0.0499638756622187
1,585,1.58303,1.53692,1.46167,1.40503,193,1.57251601959766,0.00428969365103837,1.52399574628526,0.00833366432356208,1.45682823364746,0.0234461437662871,1.4028364677613,0.0486529505621544,-0.166633567643792
1,588,1.57739,1.51561,1.45061,1.40156,194,1.5706614449823,0.00453180533799402,1.52232467064724,0.0109893362785026,1.45540371685566,0.0266376842337448,1.40160370006324,0.0500272685038975,0.0989336278502626
1,591,1.57649,1.52566,1.46038,1.40603,195,1.56882345979413,0.00446804642727716,1.52066839166951,0.00931725703956543,1.4539916304251,0.0229548055176559,1.40038155863584,0.046574219325982,-0.068274296043457
1,594,1.55924,1.51056,1.44502,1.39774,196,1.5670018253472,0.00560230885809765,1.51902669817555,0.0112721880321871,1.45259179899968,0.0276511957236926,1.39916989502273,0.0509055125179736,0.12721880321871
1,597,1.55846,1.52251,1.45582,1.40081,197,1.56519630765693,0.00552098333881446,1.5173993831192,0.00929653004506947,1.45120405061962,0.0234957691090222,1.39796856361907,0.048237408817837,-0.0703469954930527
1,600,1.56994,1.51818,1.45599,1.40039,198,1.56340667732294,0.00453815339017083,1.51578624348398,0.00966325337814655,1.44982821663808,0.0230042441769268,1.39677742160223,0.0477612846331281,-0.0336746621853448
2,21,54.49239,37.25755,22.46268,16.14035,4,52.5608485836786,0.00466145790529393,36.6959641154659,0.00971324215376446,22.5932036219379,0.0252705994981434,15.4576646400215,0.0462695777929922,-0.0286757846235544
2,24,29.57817,22.00712,14.46497,10.75822,5,29.6439900060406,0.00502639885798706,22.0644773911595,0.0100606475131813,14.7658101116513,0.0261745477213381,10.7517702994718,0.0499361334010113,0.00606475131812534
2,27,20.16222,15.5676,11.00473,8.29035,6,20.0958421387629,0.00495458904505985,15.5957333423519,0.0100488465631641,11.0226137201439,0.025104704605695,8.36276748527206,0.0510712081144705,0.00488465631640711
2,30,15.4767,11.99312,9.1602,7.02176,7,15.1289550721605,0.00465561390818681,12.0918268896916,0.0102527450841937,8.8830521843603,0.0228712737817374,6.9398815109469,0.0484264883737684,0.0252745084193715
2,33,12.60998,10.51805,7.68447,5.98219,8,12.1637428043139,0.00440902002849597,9.93726574168596,0.00824938664750707,7.51452524722635,0.0232803013254681,6.00174992660421,0.0504889216459469,-0.175061335249293
2,36,9.86432,8.05321,6.46471,5.22158,9,10.2213636013707,0.00572249107170208,8.49357659185131,0.012147504258356,6.56930607956268,0.0264197825331628,5.3384579309592,0.0536852803198035,0.214750425835598
2,39,8.64805,7.47005,5.81441,4.82435,10,8.86177877748292,0.00552703669358845,7.4647194523068,0.00997175804249006,5.87923422564168,0.0260463533196653,4.84507422435006,0.0507451632499663,-0.00282419575099357
2,42,8.18466,6.86745,5.38799,4.53242,11,7.86187206693523,0.00418424953262253,6.6968667761046,0.00898673433817454,5.35395828208695,0.0243819584877381,4.46371222767394,0.0472651281921657,-0.101326566182546
2,45,7.16669,6.19057,4.95671,4.12877,12,7.09788724499235,0.00477882900843452,6.10296920571458,0.00937870273694441,4.94092962006535,0.0246691255125115,4.15996765482442,0.0514773143978472,-0.0621297263055589
2,48,6.38383,5.48865,4.53636,3.8965,13,6.49624012548593,0.00545002293405794,5.63039436140087,0.0112781331241966,4.60763863144335,0.0267668707355015,3.91216550489429,0.0508225346047493,0.127813312419657
2,51,6.62349,5.4309,4.44139,3.76091,14,6.01068939578661,0.00299489230615113,5.245592578649,0.00840514865273512,4.33295323688739,0.0222965363807828,3.70599594176289,0.0469524042139979,-0.159485134726488
2,54,5.57432,4.91107,4.16881,3.61641,15,5.61083740864008,0.00518088343747669,4.92623606416932,0.0101615560701103,4.10256968847259,0.0231409389340802,3.53164177696961,0.0449712452339037,0.0161556070110267
2,57,5.34741,4.6332,3.90722,3.3954,16,5.2759410234201,0.00463101153228096,4.65692350789832,0.0102803543037813,3.90647420785804,0.0249761485066916,3.38214859340813,0.0491052909144646,0.0280354303781269
2,60,5.25463,4.59404,3.73917,3.26793,17,4.99139287092462,0.00367922326932657,4.42670555788374,0.00810104032170644,3.73745368489083,0.0249405228575654,3.25245435267811,0.0488766871015665,-0.189895967829356
2,63,4.81536,4.26182,3.58387,3.11355,18,4.74662658977373,0.00457693208030874,4.22759442314989,0.00953958255165133,3.59018407069553,0.0252372620862287,3.13878766578162,0.0520294147650331,-0.0460417448348673
2,66,4.75929,4.23184,3.51297,3.03601,19,4.5338198858956,0.00366328097180291,4.0536314850199,0.00769334065325289,3.46065180472366,0.0229958251929842,3.03828144761118,0.0501909876455908,-0.230665934674711
2,69,4.24035,3.87142,3.31779,2.92712,20,4.34706392899383,0.00587911755482207,3.90028456907286,0.0104723816922416,3.34577493156539,0.0262261645160877,2.94871726858697,0.0519627071746034,0.0472381692241628
2,72,4.23438,3.76486,3.23365,2.84393,21,4.18181550413188,0.00459432538423821,3.76404703079608,0.00998616050838208,3.24314811018335,0.0254345817266773,2.8683516721147,0.0523551374608016,-0.00138394916179196
2,75,3.98256,3.56147,3.13103,2.77372,22,4.03452618830079,0.00546993050708888,3.64216429674624,0.0115816668669402,3.15086682220662,0.0259705216914268,2.79579540417827,0.0522397840054454,0.158166686694018
2,78,3.9189,3.57898,3.0478,2.73205,23,3.90238553198462,0.0048512894620073,3.53244314258415,0.00914878718737311,3.06740356397266,0.0260116687647552,2.72992768432991,0.0497794698298943,-0.0851212812626891
2,81,3.81982,3.46074,3.01077,2.69819,24,3.78313952532322,0.00465779258215737,3.43311600694279,0.00945734432663492,2.99151897057476,0.0239991733481816,2.66983421758875,0.0470035035191521,-0.054265567336508
2,84,3.61769,3.33848,2.95019,2.62267,25,3.674959906726,0.00562330049802817,3.34274272326209,0.0100911663997234,2.92219691287651,0.0234915092284991,2.61476162274304,0.0491071168886256,0.00911663997234058
2,87,3.6846,3.32517,2.92536,2.60792,26,3.576348506618,0.00396786010972516,3.26013819659246,0.00865292625390501,2.8585963614761,0.0214122795854752,2.56408342308992,0.0450605011426013,-0.134707374609499
2,90,3.41514,3.1653,2.79641,2.53854,27,3.48606617771513,0.00587171530552011,3.18431839295484,0.0104550388194936,2.80001518074454,0.0252197739243145,2.51727431776561,0.047441615652542,0.0455038819493612
2,93,3.35017,3.08671,2.77417,2.50243,28,3.40307926742993,0.00566765771973721,3.11445946473918,0.0107018423050441,2.74586254491879,0.0232761399780033,2.47389047399985,0.0464716105345174,0.0701842305044118
2,96,3.37679,3.07247,2.71983,2.45249,29,3.32651879676604,0.00441860319108001,3.04986643894032,0.00944192456141746,2.69563767505816,0.0234629129926108,2.43355425841,0.0475453934341156,-0.0558075438582541
2,99,3.26853,3.01769,2.65737,2.39256,30,3.25564897132164,0.00483727422435476,2.98994896174481,0.00929331086300955,2.64891327083603,0.0244310762484792,2.39594228297812,0.0504675161420741,-0.0706689136990448
2,102,3.22759,2.94139,2.59765,2.36103,31,3.18984263380482,0.00452088156991248,2.93420231508979,0.00980455364380972,2.60532247165693,0.0255468508626355,2.36077595532063,0.0499638970342529,-0.0195446356190279
2,105,3.12815,2.83996,2.53005,2.30394,32,3.12856194080615,0.00500572401939059,2.88219241748423,0.0112806109350425,2.56454850059687,0.0276477841000833,2.32781394157892,0.0536277557454968,0.128061093504251
2,108,2.98886,2.78695,2.50474,2.28154,33,3.07134301428812,0.0063472114494223,2.8335438680543,0.0114754857299582,2.52631636878422,0.0266787698563757,2.29684610477808,0.052368438352226,0.147548572995816
2,111,3.01205,2.82448,2.49654,2.27741,34,3.01778364771733,0.00508624824071346,2.78793033805573,0.00894757835029614,2.49038617741975,0.0245268754877598,2.26768859207418,0.0485093538446689,-0.105242164970386
2,114,2.91053,2.70792,2.42724,2.23055,35,2.96753338183358,0.00596371913633931,2.7450667898465,0.0112415135860545,2.45654766967349,0.0274582047765366,2.24017982439619,0.0515651797414852,0.124151358605452
2,117,2.9174,2.73232,2.43084,2.22255,36,2.9202854347939,0.00504615678043918,2.70470313072536,0.00914394101223159,2.42461576853217,0.0244930568138982,2.21417720064062,0.0486417720048339,-0.0856058987768407
2,120,2.92426,2.69987,2.40639,2.18472,37,2.87577009534005,0.00426542300030386,2.66661900243473,0.00894966125474361,2.39442689848285,0.0240083299629341,2.1895543719921,0.0508224903858914,-0.105033874525639
2,123,2.84077,2.64753,2.37204,2.16186,38,2.83374927913572,0.00488264478366829,2.63061947627124,0.00943550428681628,2.36583593490111,0.0244668005355807,2.16619897437603,0.0507564858156593,-0.0564495713183724
2,126,2.87588,2.62171,2.32968,2.1262,39,2.79401201648236,0.00376336008375477,2.59653147546131,0.00914925775913911,2.33871365956299,0.0258184036898891,2.14401073152363,0.0532579879856104,-0.0850742240860893
2,129,2.76411,2.60312,2.32717,2.13179,40,2.75637069090507,0.00486335287221706,2.56420078544901,0.00868405615513845,2.31294462688753,0.0237331520471845,2.12289985973981,0.0484113792856651,-0.131594384486155
2,132,2.77758,2.56342,2.30017,2.09882,41,2.72065788692414,0.00405711913782236,2.53348954242665,0.00894599467092438,2.28842536552277,0.0239242326951031,2.10278571973913,0.0507418327545115,-0.105400532907562
2,135,2.66352,2.46365,2.23964,2.07428,42,2.68672373504562,0.00545834386683752,2.50427411318965,0.0116794357300976,2.26506285530214,0.0275583830633325,2.0835956719467,0.0517995731927012,0.167943573009755
2,138,2.71242,2.47707,2.2642,2.07115,43,2.65443366488587,0.00399602465504267,2.47644329698343,0.00997551530694496,2.24277323155019,0.0229848798554286,2.06526410024673,0.0488708699235398,-0.00244846930550402
2,141,2.62666,2.46439,2.21534,2.03782,44,2.62366649511567,0.00494094246307741,2.44989679369324,0.0094362618111129,2.2214806780592,0.0256229420543178,2.04773157589101,0.0520009593845511,-0.05637381888871
2,144,2.63272,2.4531,2.20287,2.03895,45,2.59431280278226,0.00427803709345997,2.42454389345138,0.00889638256734349,2.20111647740166,0.0248211183215804,2.03094413858704,0.0484071433590156,-0.110361743265651
2,147,2.53822,2.39272,2.17223,2.01474,46,2.56627352549132,0.005619466489168,2.4003023511849,0.0103227186543635,2.18161819305713,0.0260005849055392,2.01485267599841,0.0500232297016669,0.0322718654363516
2,150,2.51988,2.35877,2.15842,2.00111,47,2.53945875856669,0.00543457454681906,2.37709741634236,0.0108160622910202,2.16292896245808,0.0254855111608455,1.99941238625252,0.0496445589160752,0.0816062291020168
2,153,2.53163,2.37812,2.16664,1.98387,48,2.51378671618291,0.00462685752728331,2.35486099337922,0.00903364128420947,2.1449968837639,0.022751884901522,1.98458231075004,0.0501526960869029,-0.096635871579053
2,156,2.42503,2.31399,2.11405,1.96656,49,2.48918283097394,0.00665097451679963,2.33353091288284,0.0109107073455053,2.12777448215326,0.0265682430014238,1.97032492674892,0.0508271786622573,0.0910707345505255
2,159,2.47113,2.326,2.13021,1.98433,50,2.46557897104884,0.00487571785618557,2.31305029667663,0.00942787716552385,2.11121824383695,0.0229426990228343,1.95660579096209,0.0442001855625298,-0.0572122834476154
2,162,2.47041,2.30349,2.11041,1.95144,51,2.44291275692995,0.00440290818176625,2.29336700305078,0.00954130393518504,2.09528820795405,0.0233185459581408,1.94339322684759,0.0482149786096032,-0.0458696064814959
2,165,2.39992,2.23721,2.07045,1.92102,52,2.42112696384169,0.00552644205063735,2.27443314055268,0.0119231284843164,2.07994760811566,0.0261367808191257,1.93065804944931,0.0522601602474397,0.192312848431643
2,168,2.36602,2.21978,2.03968,1.90006,53,2.40016899715607,0.00589302108349221,2.25620464064028,0.0119160363311008,2.06516255667461,0.0282237869152303,1.91837332261419,0.0544533485521854,0.191603633110083
2,171,2.35783,2.25186,2.06012,1.91926,54,2.37999043075232,0.00557376908585006,2.2386408810387,0.00937251449532006,2.05090176588171,0.0239070256984562,1.90651414421343,0.0470632108494835,-0.0627485504679939
2,174,2.33987,2.20772,2.04587,1.88888,55,2.36054659965349,0.00554367987797943,2.22170435290823,0.0107223437613747,2.03713630098529,0.0239463533541512,1.89505745565795,0.0515095547255682,0.0722343761374709
2,177,2.34163,2.19264,2.00915,1.86888,56,2.34179623963329,0.00500422529918387,2.20536036598266,0.0106666377054514,2.02383936107362,0.0269067415519644,1.88398187255128,0.0538276124926479,0.0666637705451398
2,180,2.32436,2.2022,2.01417,1.87512,57,2.32370116758607,0.00498299640135624,2.18957678671094,0.00936923503744558,2.01098608408266,0.0245981958418421,1.87326753378277,0.0495419733182494,-0.0630764962554422
2,183,2.30898,2.17992,2.01213,1.85587,58,2.30622599738363,0.00492810046010195,2.17432380516411,0.009710688472789,1.99855337290594,0.0233048410335739,1.8628959667535,0.0518008330650714,-0.0289311527211003
2,186,2.29506,2.14289,1.97008,1.8416,59,2.28933788668357,0.00484931441189851,2.15957372708113,0.0109295772400354,1.98651973998432,0.0272489223832831,1.85284996674982,0.0529563086757134,0.0929577240035404
2,189,2.29566,2.17166,1.9914,1.85317,60,2.27300631084474,0.00442067673497304,2.14530078794071,0.00866914077170466,1.97486516811688,0.0228908421697065,1.84311348875586,0.0474560169454815,-0.133085922829534
2,192,2.26463,2.14553,1.95971,1.82611,61,2.25720286059931,0.00479903867327391,2.13148098637902,0.00925635284543713,1.96357098554586,0.0255267292852075,1.83367155022809,0.0520259216277327,-0.0743647154562868
2,195,2.25208,2.12721,1.94112,1.81663,62,2.24190106062623,0.00472245616064149,2.1180919346408,0.00950367394833673,1.95261975363175,0.0266243161993449,1.82451014355285,0.0521422913394023,-0.0496326051663267
2,198,2.24229,2.11132,1.95163,1.82869,63,2.22707620654254,0.00458485339438963,2.10511272406136,0.00965444045876418,1.9419951656577,0.0236958771608683,1.81561615707566,0.0465851737797111,-0.034555954123582
2,201,2.20009,2.09191,1.94603,1.81616,64,2.2127052181648,0.0053783046536463,2.09252380384172,0.0100353341328566,1.93168195549416,0.0230567985961566,1.80697730373516,0.0475466273923997,0.00353341328566215
2,204,2.21203,2.08095,1.91657,1.79335,65,2.1987665071745,0.00462551859119664,2.08030687160767,0.0099625843910689,1.92166581501622,0.0257375399894216,1.79858205645748,0.0514698524825483,-0.0037415608931104
2,207,2.18884,2.0703,1.91311,1.79236,66,2.18523985756087,0.00489396704772926,2.06844477443129,0.00989094615825548,1.91193331930871,0.0248304153440313,1.79041958957114,0.0494583183887871,-0.0109053841744524
2,210,2.12273,2.02681,1.8906,1.7778,67,2.17210631742301,0.00673433786525712,2.05692141916851,0.0119736446599811,1.90247185881143,0.0267985552861224,1.78247972559929,0.0513461737041754,0.197364465998108
2,213,2.20357,2.06981,1.89737,1.7818,68,2.15934810088888,0.00381307581824197,2.04572169109398,0.00863787425458085,1.89326957766267,0.0243988379292378,1.77475288685329,0.048012061237091,-0.136212574541915
2,216,2.11654,2.0071,1.8678,1.76421,69,2.14694849906271,0.00603759312993168,2.03483137996317,0.0118569918750506,1.88431531758796,0.0276027753333281,1.76723005133364,0.0508860096794144,0.185699187505063
2,219,2.11863,2.01541,1.8879,1.76162,70,2.13489179904369,0.0055382334230909,2.02423711270489,0.0105651918849959,1.87559856675875,0.0231956120370498,1.75990271249166,0.0494968837844935,0.0565191884995939
2,222,2.09629,2.00153,1.85645,1.74807,71,2.12316321017413,0.00593313248052707,2.01392629206974,0.0108131151389173,1.86710941311311,0.0266930470610501,1.75276284246457,0.0514158486511562,0.0813115138917251
2,225,2.13844,2.03405,1.86554,1.74666,72,2.11174879677267,0.00420795200731183,2.00388704062231,0.00824407771636904,1.85883850168903,0.0239772651996162,1.74580285843417,0.0497425104369335,-0.175592228363096
2,228,2.10864,1.98915,1.86008,1.75062,73,2.10063541669609,0.00474497963210252,1.99410814954147,0.0103258149022633,1.85077699557219,0.0235752029485882,1.73901559180566,0.0465815179287947,0.0325814902263253
2,231,2.0728,1.97693,1.85609,1.73456,74,2.08981066514704,0.0055955668198906,1.98457903175228,0.0105132408779693,1.84291654010439,0.0229837332256669,1.73239425993149,0.0493374860474529,0.0513240877969343
2,234,2.06622,1.96646,1.83288,1.72401,75,2.07926282321191,0.00545645450689203,1.97528967896684,0.0106019847487887,1.83524923003856,0.0253845348158459,1.72593244013703,0.0506015158326101,0.0601984748788706
2,237,2.06719,1.97315,1.81621,1.72018,76,2.06898081066988,0.00506110016343242,1.96623062225824,0.00954662079786806,1.82776757935934,0.0269523344191764,1.71962404583433,0.0498254711702946,-0.0453379202131945
2,240,2.00842,1.92591,1.81267,1.70965,77,2.05895414266049,0.00706674468718971,1.95739289583083,0.0123724031073692,1.82046449352042,0.0263156900704634,1.71346330452433,0.0512254018474143,0.23724031073692
2,243,2.0558,1.95356,1.81933,1.71422,78,2.04917288985398,0.00477504527269257,1.94876800368917,0.00967668578188874,1.81333324387333,0.0240206982111534,1.70744473752044,0.0478689355758328,-0.0323314218111261
2,246,2.00527,1.92126,1.81132,1.70598,79,2.03962764178745,0.00636186960775609,1.94034788893674,0.0114122752752486,1.80636744408907,0.0241800840310981,1.70156314123408,0.0485869228256962,0.141227527524857
2,249,2.00147,1.92333,1.80584,1.69657,80,2.03030947308402,0.0061348032756664,1.93212490546477,0.0106352459948686,1.7995610283923,0.0239543334748994,1.69581356988415,0.0497528694166752,0.0635245994868647
2,252,2.02525,1.94719,1.79794,1.69005,81,2.02120991228963,0.00485694745707055,1.92409179181776,0.00848787242404858,1.79290823144652,0.0241501537299956,1.69019131950479,0.0500467513328461,-0.151212757595142
2,255,2.02898,1.92033,1.79573,1.68911,82,2.01232091309398,0.00442973132396574,1.91624164703798,0.00971145126561668,1.78640356974698,0.0234315039198586,1.6846919131385,0.0485450496572303,-0.0288548734383323
2,258,1.98615,1.90684,1.77625,1.6782,83,2.00363482772536,0.00568398160071959,1.90856790832231,0.010125758723089,1.78004182438794,0.0256726792650279,1.67931108711294,0.0503758046208885,0.0125758723088962
2,261,1.96461,1.89592,1.7725,1.67286,84,1.99514438232844,0.00626837881745457,1.90106433032684,0.0103829313292586,1.77381802508918,0.0252341727466243,1.67404477830944,0.0504045983423855,0.0382931329258605
2,264,1.97698,1.89185,1.76568,1.65961,85,1.98684265415662,0.00538346258253219,1.89372496598634,0.0101393590972715,1.76772743537396,0.025368210818134,1.66888911234013,0.0532822596125194,0.0139359097271483
2,267,1.98057,1.87618,1.76067,1.65679,86,1.97872305041955,0.00493052582261566,1.88654414871227,0.0108025529420901,1.7617655388026,0.0251982598841767,1.66384039255887,0.0524992029583515,0.0802552942090093
2,270,1.98804,1.89353,1.76833,1.66214,87,1.97077928865382,0.00438064604391097,1.87951647586135,0.00899713636384181,1.75592802617458,0.0228375948129181,1.6588950898372,0.0488774140770999,-0.100286363615819
2,273,2.01648,1.89329,1.7681,1.66484,88,1.96300537848354,0.00330227532453264,1.87263679336641,0.0085437919320327,1.7502107836204,0.0219122174715866,1.65404983304419,0.0463259056630737,-0.14562080679673
2,276,1.97493,1.86008,1.7483,1.65041,89,1.95539560466096,0.00429191581866273,1.86590018143535,0.0104566022763568,1.74460988151115,0.0243248889641662,1.64930140017382,0.0496069929990839,0.0456602276356808
2,279,1.93546,1.83058,1.72657,1.64669,90,1.94794451128131,0.00551650799585524,1.85930194123335,0.0124832631491226,1.73912156412116,0.0274550523935982,1.6446467100677,0.0492716713040677,0.248326314912263
2,282,1.95373,1.87944,1.74765,1.63985,91,1.94064688707861,0.00450509940653654,1.85283758246838,0.00811641857698364,1.73374223998436,0.0225029324551846,1.64008281468995,0.0500843308138994,-0.188358142301636
2,285,1.92752,1.83789,1.7189,1.631,92,1.93349775171647,0.00524585815322987,1.84650281181044,0.0107027107705152,1.72846847288977,0.0268855534358144,1.63560689190708,0.0517078844629116,0.0702710770515211
2,288,1.94975,1.84766,1.72771,1.62278,93,1.92649234299606,0.00413904301783363,1.84029352207952,0.00942964341141417,1.72329697346793,0.0241662957647402,1.63121623873805,0.0531954461683078,-0.0570356588585832
2,291,1.89914,1.82459,1.7142,1.6258,94,1.9196261049101,0.0059108667891159,1.83420578214172,0.0108023754713006,1.71822459132371,0.0257908645067897,1.62690826503757,0.0504127706777093,0.0802375471300585
2,294,1.90731,1.82435,1.70003,1.61689,95,1.91289467647875,0.0052359059818432,1.82823582746222,0.0103198934796537,1.71324830766915,0.0277111230426085,1.62268048758042,0.0522097540034756,0.0319893479653675
2,297,1.90857,1.83398,1.70674,1.62399,96,1.90629388130546,0.00490602982296817,1.82238005126342,0.0090936285796045,1.70836522843207,0.0253219179555327,1.61853052451752,0.0479803894946426,-0.0906371420395504
2,300,1.90635,1.82669,1.71539,1.61849,97,1.89981971780413,0.00473270299053385,1.81663499624433,0.00920302411186003,1.70357257778864,0.0227558222866949,1.61445609017635,0.0484886476715384,-0.0796975888139975
2,303,1.91542,1.82126,1.70871,1.62355,98,1.89346835004206,0.00414893110793801,1.81099734682003,0.0091805806750056,1.69886769210057,0.023102334203511,1.61045499018111,0.0452112517731533,-0.0819419324994399
2,306,1.88709,1.81143,1.69501,1.60561,99,1.88723609915705,0.00500625368331031,1.80546392184263,0.00951142860276766,1.69424801422825,0.024846744873285,1.60652511686959,0.0503543110945442,-0.0488571397232342
2,309,1.86346,1.78537,1.68212,1.60227,100,1.88111943530622,0.00582136634579511,1.80003166776997,0.0113173528553046,1.68971108817944,0.026589248486646,1.60266444498595,0.0501535982683734,0.131735285530455
2,312,1.85473,1.78125,1.68548,1.59132,101,1.8751149701079,0.00596813459450318,1.79469765224917,0.0112125947130236,1.68525455409135,0.0249538459939287,1.59887102762999,0.0530403245363551,0.12125947130236
2,315,1.85506,1.78775,1.67269,1.58749,102,1.86921944954224,0.00566037628828397,1.78945905808669,0.0101479769731815,1.68087614350362,0.026745438278536,1.59514299244524,0.0531060328468878,0.0147976973181483
2,318,1.8849,1.80122,1.69395,1.59871,103,1.86342974727612,0.00413314640439,1.7843131775772,0.00863394152151309,1.67657367491239,0.0216216910110395,1.59147853802948,0.0471998580356161,-0.136605847848691
2,321,1.84858,1.76787,1.67036,1.58815,104,1.85774285838941,0.0054253444502167,1.77925740716702,0.0110438261719623,1.67234504958318,0.025419430814272,1.58787593055261,0.049890351977081,0.104382617196231
2,324,1.84844,1.76723,1.66996,1.58293,105,1.85215589346367,0.00516980773358022,1.77428924242866,0.0106403903324948,1.66818824760539,0.0246284317137527,1.58433350056794,0.0505690674122863,0.0640390332494754
2,327,1.82733,1.75933,1.65177,1.5767,106,1.8466660730199,0.00595526424896786,1.76940627332604,0.0109334296664283,1.66410132417192,0.0277576150716153,1.58084964000437,0.0517120413686366,0.0933429666428296
2,330,1.84789,1.76003,1.65238,1.57104,107,1.8412707222749,0.00470640109702092,1.76460617975029,0.010417215234213,1.66008240607184,0.0267031762864769,1.57742279932507,0.0526745929461455,0.0417215234213018
2,333,1.83796,1.76511,1.65072,1.56719,108,1.83596726619746,0.00490908788369881,1.75988672730868,0.00954008191624867,1.65612968837265,0.0261938372029235,1.57405148484982,0.0529008699769088,-0.0459918083751334
2,336,1.83834,1.74579,1.65761,1.57075,109,1.83075322484369,0.00465987429957215,1.7552457633495,0.0108943507187437,1.65224143129682,0.0238581874627444,1.57073425621594,0.0499934707852996,0.0894350718743673
2,339,1.8203,1.74929,1.6414,1.55479,110,1.82562620895391,0.00525505950643024,1.75068121320817,0.0101279471298691,1.64841595726151,0.0265813583573664,1.5674697239849,0.0555593082007356,0.0127947129869086
2,342,1.81266,1.7335,1.64489,1.56389,111,1.82058391579313,0.00538699681035071,1.74619107665949,0.0112365837338356,1.64465164808334,0.0249475020990633,1.56425654737465,0.0501543026832251,0.123658373383563
2,345,1.80079,1.73178,1.64075,1.55791,112,1.81562412522048,0.0057540537105879,1.74177342456368,0.0109692729873782,1.64094694233317,0.0250437563831437,1.56109343211386,0.0513638843745527,0.0969272987378154
2,348,1.79528,1.73012,1.63505,1.56371,113,1.81074469597223,0.00579465765532605,1.73742639569339,0.0107052960390654,1.63730033283225,0.0255077714847423,1.55797912840983,0.0476129097722872,0.0705296039065448
2,351,1.80798,1.72661,1.6309,1.55293,114,1.80594356214532,0.00490289391173171,1.73314819373046,0.0106335256391529,1.63371036428088,0.025639987723689,1.55491242902306,0.0508565664415865,0.0633525639152874
2,354,1.79308,1.71994,1.61944,1.55337,115,1.80121872986854,0.00541011910617273,1.72893708442199,0.0108880265741511,1.63017563101152,0.0275463868468249,1.55189216744192,0.0493660491595552,0.0888026574151111
2,357,1.81877,1.73401,1.63962,1.56,116,1.79656827415,0.00402259892451895,1.72479139288575,0.0091569055054278,1.62669477485868,0.022210649677563,1.54891721615139,0.0453943438101126,-0.0843094494572196
2,360,1.80859,1.72409,1.62182,1.53985,117,1.79199033588992,0.00424516918969853,1.72070950105592,0.00968037399471622,1.62326648313873,0.0253340913477701,1.54598648499028,0.0527483269356945,-0.0319626005283782
2,363,1.77727,1.71153,1.61325,1.54042,118,1.7874831190487,0.00553137931389447,1.71668984526065,0.0105109973697574,1.61988948673236,0.0265788517378782,1.54309891959154,0.0511907451740348,0.0510997369757358
2,366,1.77623,1.70165,1.61742,1.53635,119,1.78304488796069,0.00535125746496734,1.71273091392337,0.0111361942833306,1.61656255826492,0.0248013857296743,1.54025349990088,0.0517546012759152,0.113619428333057
2,369,1.78958,1.71292,1.60662,1.53266,120,1.77867396478549,0.00448055821444149,1.70883124538085,0.00960699103954332,1.6132845103773,0.0266058796339208,1.53744923876911,0.0521739765535,-0.0393008960456678
2,372,1.76824,1.69033,1.60311,1.5303,121,1.77436872708792,0.00531926460655263,1.70498942581078,0.0115504802967644,1.6100541940832,0.0266862063824896,1.53468518061386,0.0519995498792658,0.155048029676442
2,375,1.77811,1.69402,1.60926,1.53316,122,1.77012760553954,0.0046094054649275,1.70120408726255,0.0107380492364367,1.60687049720733,0.0244398385769933,1.53196040014643,0.0494621881591054,0.0738049236436731
2,378,1.75533,1.69159,1.59826,1.53189,123,1.76594908173452,0.00557358828748256,1.69747390578543,0.0106046996109849,1.60373234289993,0.0263369683363598,1.52927400116231,0.0488271211326189,0.0604699610984869
2,381,1.75205,1.676,1.59301,1.52985,124,1.76183168611323,0.00552976076516354,1.69379759964831,0.0119513969385429,1.60063868822422,0.0268938557161401,1.52662511538477,0.0485493639298826,0.195139693854286
2,384,1.72447,1.67709,1.5899,1.51961,125,1.75777399598748,0.00705070648612227,1.69017392764602,0.0114112029029172,1.59758852280798,0.0269211822135738,1.52401290137089,0.0520566345898648,0.141120290291719
2,387,1.75806,1.69205,1.60684,1.52843,126,1.75377463366123,0.00478095398717426,1.68660168748702,0.0094597687664002,1.59458086756679,0.0221846314170172,1.52143654346311,0.0468678730015379,-0.0540231233599799
2,390,1.75959,1.69035,1.58451,1.51755,127,1.74983226464214,0.00451175816141536,1.68307971425835,0.0092811498163845,1.59161477347962,0.0267924837538193,1.51889525079304,0.0506275794680676,-0.0718850183615496
2,393,1.76089,1.69072,1.5872,1.51285,128,1.74594559593803,0.00426709366713096,1.67960687896331,0.00891518260175772,1.58868932042673,0.0253683471516182,1.51638825633073,0.0516756645854954,-0.108481739824228
2,396,1.74069,1.66933,1.58606,1.51004,129,1.74211337443414,0.0050763223118272,1.67618208712662,0.0107352709679785,1.58580361608039,0.0249367305161304,1.51391481597828,0.0518481980934558,0.073527096797855
2,399,1.73451,1.67218,1.58275,1.5165,130,1.7383343853465,0.00520893966333857,1.67280427746769,0.0100653345487535,1.58295679484641,0.0250514376660829,1.51147420770293,0.0476797239685817,0.00653345487534684
2,402,1.73918,1.67266,1.58479,1.50978,131,1.7346074507473,0.00475937162316464,1.66947242063141,0.00967074808365598,1.58014801685454,0.0238647289805619,1.50906573071444,0.0496622279523552,-0.0329251916344022
2,405,1.74015,1.67573,1.58322,1.50986,132,1.73093142815837,0.00452360959702669,1.66618551797966,0.00903943945600472,1.57737646699459,0.0235709776897985,1.50668870467303,0.0485081187944889,-0.0960560543995284
2,408,1.71825,1.66457,1.57605,1.50424,133,1.72730520920895,0.00551821202546232,1.66294260043693,0.00982859696668559,1.57464135399596,0.0246463158630592,1.50434246893749,0.0500491604242385,-0.0171403033314412
2,411,1.71908,1.65245,1.56441,1.49689,134,1.72372771835465,0.00526140743301839,1.65974272738852,0.0108086346042786,1.5719419095481,0.0269843953814719,1.50202638184477,0.0525329330535339,0.0808634604278611
2,414,1.73031,1.66164,1.56195,1.48798,135,1.72019791165433,0.00447092573678609,1.65658498562661,0.00947080340695061,1.56927738746163,0.0269396463328848,1.49973982002147,0.0560044726224633,-0.0529196593049388
2,417,1.69091,1.64187,1.56091,1.48769,136,1.71671477560121,0.00664935299141889,1.65346848834664,0.0113309912641897,1.56664706286241,0.0265155840779622,1.49748217772624,0.0549836625674287,0.133099126418968
2,420,1.71638,1.64932,1.56079,1.49524,137,1.71327732600626,0.00482959932148774,1.65039237418294,0.0101171697044756,1.56405023142564,0.0258557370469802,1.49525286621844,0.050006302531284,0.0117169704475626
2,423,1.69697,1.61838,1.55307,1.48639,138,1.70988460693095,0.00577847376303864,1.64735580629241,0.0136923982176261,1.56148620864012,0.0272777294659384,1.49305131315697,0.053379310287623,0.369239821762613
2,426,1.71095,1.6436,1.55106,1.48278,139,1.70653568966609,0.00475654940125525,1.64435797147084,0.0100836130567158,1.558954329105,0.0271428514388747,1.49087696202245,0.0541562747339647,0.008361305671579
2,429,1.68123,1.63747,1.55842,1.49327,140,1.70322967175574,0.00641257209931223,1.64139807931523,0.0104430766708711,1.55645394585659,0.0244887848625222,1.48872927156494,0.0477870699300699,0.0443076670871076
2,432,1.69409,1.63474,1.55523,1.48487,141,1.69996567606236,0.00534676324341365,1.63847536141607,0.010423256028935,1.55398442972361,0.0246732840096382,1.48660771527453,0.0508756894840432,0.0423256028935013
2,435,1.6955,1.63826,1.55496,1.48882,142,1.69674284987276,0.00507189262060659,1.63558907058658,0.00970589574348091,1.55154516870973,0.0241092374392317,1.4845117808742,0.0478772799850777,-0.0294104256519092
2,438,1.70578,1.64418,1.55948,1.48437,143,1.69356036404143,0.00434014640278546,1.63273848012374,0.00879101252388503,1.5491355674017,0.0223792092368608,1.48244096983362,0.0490344277811221,-0.120898747611497
2,441,1.69022,1.62747,1.54357,1.47632,144,1.69041741217032,0.00501147886674047,1.62992288310032,0.0102805854124907,1.54675504640218,0.0258674042654867,1.48039479690296,0.0521071528661647,0.0280585412490661
2,444,1.69628,1.63685,1.55031,1.48219,145,1.68731320982162,0.0045019485393929,1.62714159168576,0.00895423271788032,1.54440304178588,0.0234551079745673,1.47837278966581,0.0480873282122798,-0.104576728211968
2,447,1.69031,1.62166,1.54487,1.47565,146,1.68424699376678,0.00465596595893991,1.62439393649863,0.0103165675895444,1.54207900457769,0.0242548959993417,1.47637448811012,0.050372530724708,0.0316567589544356
2,450,1.67191,1.61575,1.5363,1.47576,147,1.68121802126186,0.00557949851790474,1.62167926597767,0.0107024064954684,1.53978240025327,0.0259644835474014,1.47439944421654,0.0493038223426778,0.0702406495468386
2,453,1.69324,1.62722,1.54631,1.48301,148,1.67822556935566,0.00418147500720745,1.61899694578776,0.00909375501130838,1.53751270825649,0.0226993417843456,1.47244722156315,0.0447980268578072,-0.090624498869162
2,456,1.68388,1.61506,1.53399,1.46949,149,1.67526893422508,0.00451094673143659,1.61634635824371,0.0101500967808175,1.535269421541,0.0253538963358915,1.47051739494592,0.0505367124602656,0.0150096780817464
2,459,1.66361,1.59886,1.52852,1.46931,150,1.67234743053734,0.00555122023454058,1.61372690175926,0.0118813902115872,1.53305204612582,0.0262810638040946,1.46860955001413,0.049635343107268,0.188139021158718
2,462,1.64601,1.60007,1.53326,1.46225,151,1.66946039083764,0.00662326939214353,1.61113799031788,0.0113783021566838,1.53086010067058,0.0243422709152321,1.46672328292006,0.0523980050948764,0.137830215668378
2,465,1.67766,1.59422,1.52621,1.46157,152,1.6666071649612,0.00437179734130699,1.6085790529643,0.011831592340003,1.52869311606723,0.0257013199724585,1.46485819998235,0.0517610601327789,0.183159234000297
2,468,1.65898,1.59831,1.51995,1.45578,153,1.66378711946926,0.00530111666321553,1.60604953331626,0.0109557393757479,1.52655063504557,0.0269140860080422,1.46301391736231,0.0539669773611274,0.0955739375747897
2,471,1.65217,1.6079,1.52413,1.45683,154,1.66099963710597,0.00556942116631265,1.60354888909505,0.00949566384726497,1.52443221179914,0.0250851988732277,1.46119006075268,0.052369179181705,-0.0504336152735032
2,474,1.6386,1.5888,1.51399,1.45559,155,1.65824411627766,0.00635950851757694,1.60107659167447,0.0115720422710908,1.52233741161963,0.0274670040217517,1.4593862650783,0.0520667283626144,0.157204227109077
2,477,1.65273,1.6082,1.52538,1.46124,156,1.6555199705505,0.00517535445326345,1.59863212564697,0.00891292139825273,1.52026581054747,0.0235856261934014,1.45760217420799,0.0480810017569338,-0.108707860174727
2,480,1.66388,1.60172,1.52277,1.46196,157,1.65282662817152,0.00435683337161819,1.59621498840664,0.00935704148352468,1.51821699503728,0.023731393120357,1.45583744067747,0.0467950194996047,-0.0642958516475325
2,483,1.65441,1.59445,1.50976,1.44605,158,1.65016353160201,0.00474155437500978,1.5938246897476,0.00992454793747055,1.51619056163533,0.0269084061803238,1.45409172542237,0.0545316863349856,-0.00754520625294486
2,486,1.67828,1.61602,1.52551,1.45683,159,1.64753013707371,0.00338998948983527,1.59146075147811,0.00740087666341183,1.51418611666498,0.0219289372646977,1.45236469752144,0.0476231482908578,-0.259912333658817
2,489,1.65561,1.5986,1.51907,1.4568,160,1.64492591415937,0.00436838733353107,1.58912270704874,0.00890308162505049,1.51220327593071,0.0230848581149237,1.450656033949,0.0467426094855264,-0.109691837494951
2,492,1.65446,1.58777,1.51478,1.45167,161,1.64235034535958,0.00428698524699689,1.58681010119437,0.00988276661227183,1.51024166442766,0.0237127725541758,1.44896541933658,0.0485353297948568,-0.0117233387728168
2,495,1.64078,1.58419,1.5119,1.45062,162,1.63980292570582,0.00493819137901852,1.5845224895899,0.0100411045042611,1.50830091606415,0.0239695142945306,1.44729254574323,0.0481959232555185,0.00411045042611002
2,498,1.62839,1.57277,1.50319,1.44182,163,1.63728316237728,0.0056007480174225,1.58225943851805,0.0112442514904471,1.5063806733938,0.0259520706267168,1.44563711243411,0.0521538842753345,0.124425149044705
2,501,1.63672,1.57499,1.50135,1.44144,164,1.63479057433224,0.00487752085583992,1.58002052454985,0.0106453728559203,1.50448058735735,0.0259380100347432,1.44399882566705,0.0514409814802584,0.0645372855920265
2,504,1.62672,1.57053,1.49707,1.43848,165,1.63232469195283,0.00537454826301953,1.57780533423537,0.010950405684786,1.50260031703386,0.0266865622457861,1.44237739848676,0.0522191272257472,0.0950405684786002
2,507,1.62709,1.57773,1.5041,1.44124,166,1.6298850567028,0.00518440612074922,1.57561346380876,0.00973738857887108,1.50073952940056,0.0240198872465046,1.44077255052634,0.0497385466038337,-0.0262611421128924
2,510,1.624,1.57031,1.5004,1.43984,167,1.62747122079727,0.00523106504063509,1.57344451889978,0.010403122393647,1.49889789910262,0.0245555066647231,1.43918400781573,0.0496319173744763,0.0403122393647046
2,513,1.6212,1.5761,1.49979,1.43234,168,1.62508274688477,0.00526033729647324,1.57129811425853,0.00940852152180349,1.4970751082274,0.0241986243169786,1.43761150259702,0.0530613651213774,-0.0591478478196508
2,516,1.61673,1.57158,1.50165,1.43859,169,1.62271920774039,0.005408871988547,1.56917387348888,0.00969803656860135,1.49527084609164,0.0231472283127279,1.43605477314602,0.0485794561752598,-0.0301963431398646
2,519,1.61587,1.55921,1.48695,1.42824,170,1.62038018596969,0.00530642942125514,1.5670714287916,0.0110547492523074,1.49348480903225,0.0270487293849058,1.43451356360017,0.0536930226474799,0.105474925230743
2,522,1.60548,1.55814,1.48606,1.42623,171,1.6180652737232,0.00590488127368216,1.56499042071491,0.0109175644490248,1.49171670020589,0.0267722943559049,1.43298762379225,0.0540046281913091,0.0917564449024808
2,525,1.62089,1.55565,1.491,1.43097,172,1.61577407242093,0.00467013176982967,1.56293049791819,0.0109821585403936,1.48996622939525,0.0246868114301173,1.43147670908989,0.0502919067157713,0.0982158540393638
2,528,1.61822,1.5642,1.48172,1.42719,173,1.61350619248641,0.0046939822399763,1.56089131693728,0.00957994658556283,1.48823311282192,0.027068177073882,1.42998058024046,0.0516333532478789,-0.0420053414437174
2,531,1.61833,1.57134,1.49273,1.42747,174,1.61126125308975,0.00454602142499438,1.55887254196323,0.00849684702466291,1.48651707296558,0.0231572191487635,1.42849900322121,0.05059917451388,-0.150315297533709
2,534,1.60622,1.55949,1.48349,1.4236,175,1.6090388818994,0.00519374922893279,1.55687384462636,0.00966366193933055,1.4848178383895,0.0254127595219648,1.42703174909454,0.052031632497807,-0.0336338060669452
2,537,1.59138,1.54737,1.47886,1.42627,176,1.60683871484346,0.00615988193572292,1.55489490378773,0.0110348347092333,1.48313514357166,0.0263571726314654,1.42557859386796,0.0495978645184609,0.103483470923328
2,540,1.61298,1.55989,1.48662,1.42881,177,1.60466039587771,0.00446338617166975,1.55293540533812,0.00912241893534316,1.48146872874175,0.0234446762204141,1.42413931835886,0.0473294536863839,-0.0877581064656843
2,543,1.60675,1.54527,1.47396,1.4197,178,1.60250357676207,0.0047176486997601,1.55099504200338,0.0107851969487379,1.47981833972343,0.0268924009870023,1.42271370806357,0.0518014598259957,0.0785196948737918
2,546,1.6064,1.5421,1.47154,1.42074,179,1.60036791684464,0.00460192654617086,1.54907351315647,0.0109681455195426,1.4781837277819,0.0271648101592821,1.42130155303094,0.0503326151007032,0.0968145519542616
2,549,1.61105,1.54857,1.47293,1.42096,180,1.59825308285283,0.00418852900129674,1.54717052463567,0.00981496462184084,1.47656464947644,0.0261684043918398,1.41990264773981,0.0493767194733161,-0.0185035378159162
2,552,1.59478,1.54743,1.4844,1.42201,181,1.59615874869142,0.00509631968272328,1.54528578856889,0.00971669076607584,1.4749608665178,0.0221770163426218,1.41851679098065,0.0479598060228308,-0.0283309233924158
2,555,1.6016,1.54688,1.47576,1.41958,182,1.59408459524722,0.00450291667789005,1.5434190232031,0.00954470039945643,1.47337214563016,0.0242531412120484,1.41714378574092,0.0485637435343896,-0.0455299600543571
2,558,1.59853,1.54152,1.47389,1.41607,183,1.59203031020038,0.00456550991301941,1.54156995274092,0.0100067464638811,1.47179825841768,0.0243421150055486,1.41578343909415,0.0498284585000671,0.0006746463881111
2,561,1.61054,1.54777,1.47572,1.41933,184,1.58999558784149,0.00374239854170311,1.53973830718043,0.00896560938539914,1.47023898123519,0.0233037656913165,1.41443556209252,0.0471314742722331,-0.103439061460086
2,564,1.58333,1.54036,1.47082,1.4112,185,1.58798012889479,0.00533766612144526,1.5379238221616,0.00967360906413672,1.46869409506311,0.0243264287891055,1.41309996966289,0.051159512348613,-0.0326390935863277
2,567,1.58872,1.53646,1.46568,1.41255,186,1.58598364034718,0.00481020557751011,1.53612623881716,0.00995449767962142,1.46716338538631,0.0254820039538298,1.41177648050611,0.0495330352864392,-0.00455023203785787
2,570,1.57177,1.52601,1.45944,1.41021,187,1.58400583528258,0.00594389186387012,1.5343453036282,0.0112071743500098,1.46564664207683,0.0270826221059536,1.41046491699946,0.0501553222416007,0.120717435000984
2,573,1.58391,1.52489,1.46686,1.40991,188,1.58204643272152,0.00486895126598408,1.5325807682845,0.0111136535137968,1.46414365928023,0.0241327569307996,1.40916510510216,0.0495469696829772,0.111365351379678
2,576,1.56678,1.52558,1.45731,1.40759,189,1.58010515746595,0.00604470325146478,1.53083238954905,0.0107514683149394,1.46265423530554,0.0267977558495206,1.4078768742638,0.0501760969323424,0.075146831493945
2,579,1.56599,1.52696,1.45251,1.3981,190,1.57818173994892,0.00595234826776458,1.52909992912706,0.0103011355079033,1.46117817251864,0.0279868306436603,1.40660005733563,0.0554801497797586,0.0301135507903347
2,582,1.57957,1.52628,1.46183,1.40944,191,1.57627591608877,0.00476792931878434,1.52738315353875,0.0101547767848758,1.45971527723885,0.0243149303891377,1.40533449048452,0.047522700807507,0.0154776784875752
2,585,1.54995,1.50893,1.44616,1.39359,192,1.57438742714826,0.00710060220706099,1.52568183399655,0.0126197705281196,1.45826535963884,0.0292931947054954,1.40408001310956,0.0568897398975551,0.261977052811958
2,588,1.58406,1.52364,1.4525,1.40132,193,1.57251601959766,0.00422555481449582,1.52399574628526,0.0100500448815152,1.45682823364746,0.0264689809368636,1.4028364677613,0.050950738370395,0.00500448815151744
2,591,1.56918,1.52976,1.45924,1.40123,194,1.5706614449823,0.00510912212078996,1.52232467064724,0.00900285297379855,1.45540371685566,0.0237569070110611,1.40160370006324,0.0502336172140054,-0.0997147026201453
2,594,1.56905,1.51575,1.45198,1.40158,195,1.56882345979413,0.00498344791815331,1.52066839166951,0.0107187438336508,1.4539916304251,0.0256780431656964,1.40038155863584,0.0492547876825402,0.071874383365079
2,597,1.56373,1.52055,1.45462,1.39829,196,1.5670018253472,0.00524594074981799,1.51902669817555,0.00978600669160479,1.45259179899968,0.024330778340505,1.39916989502273,0.0505554874152742,-0.0213993308395213
2,600,1.57644,1.53011,1.45831,1.40136,197,1.56519630765693,0.00423344863586328,1.5173993831192,0.00833638199883813,1.45120405061962,0.0227195085444429,1.39796856361907,0.0479027537044,-0.166361800116187
3,30,19.87049,15.5723,10.60435,8.17124,6,20.0958421387629,0.00515836632895106,15.5957333423519,0.0100406641486133,11.0226137201439,0.027608885252168,8.36276748527206,0.0528997607755848,0.00406641486132653
3,33,14.68,11.79306,8.86973,6.88783,7,15.1289550721605,0.00549453342121586,12.0918268896916,0.0107906219369488,8.8830521843603,0.025108564794173,6.9398815109469,0.0510340544603515,0.0790621936948797
3,36,11.87367,9.72655,7.47015,6.02125,8,12.1637428043139,0.00543762721697449,9.93726574168596,0.0107477845345317,7.51452524722635,0.0254746822144436,6.00174992660421,0.0495183466551331,0.0747784534531735
3,39,10.19592,8.73459,6.83425,5.50756,9,10.2213636013707,0.00504766633274456,8.49357659185131,0.00902004972443937,6.56930607956268,0.02179602513351,5.3384579309592,0.0451894325841765,-0.0979950275560628
3,42,9.04535,7.52805,5.96516,4.89576,10,8.86177877748292,0.00459465767490419,7.4647194523068,0.00967052484800901,5.87923422564168,0.0236886752681148,4.84507422435006,0.0482309321231964,-0.032947515199099
3,45,8.69174,7.00491,5.36518,4.54034,11,7.86187206693523,0.00319736349502009,6.6968667761046,0.00825703457156834,5.35395828208695,0.0247942128846175,4.46371222767394,0.0469610998897658,-0.174296542843166
3,48,7.04919,6.11234,4.92108,4.09006,12,7.09788724499235,0.00516372062578097,6.10296920571458,0.00993131565937566,4.94092962006535,0.0254234434643006,4.15996765482442,0.053379589024914,-0.00686843406243387
3,51,6.49015,5.49501,4.62343,3.91427,13,6.49624012548593,0.00502326217404081,5.63039436140087,0.0112169389518953,4.60763863144335,0.0246266513428142,3.91216550489429,0.0498906400485212,0.121693895189535
3,54,6.23682,5.27179,4.33877,3.72006,14,6.01068939578661,0.00412133152690575,5.245592578649,0.00975504579234898,4.33295323688739,0.0248460035766498,3.70599594176289,0.049199161093761,-0.0244954207651018
3,57,5.66114,5.09713,4.18613,3.57434,15,5.61083740864008,0.00476233204477761,4.92623606416932,0.00836511457906641,4.10256968847259,0.0226804929771331,3.53164177696961,0.0473940480006476,-0.163488542093359
3,60,5.33486,4.74029,3.93782,3.43672,16,5.2759410234201,0.00469354895731777,4.65692350789832,0.00908002374447858,3.90647420785804,0.0240187376735191,3.38214859340813,0.0464251158400482,-0.0919976255521417
3,63,4.9631,4.43691,3.68966,3.24411,17,4.99139287092462,0.00517069173330476,4.42670555788374,0.00987112431019799,3.73745368489083,0.0267198699102998,3.25245435267811,0.0506171655586192,-0.0128875689802013
3,66,4.6096,4.11419,3.57694,3.14552,18,4.74662658977373,0.00597749545140558,4.22759442314989,0.0117077063985815,3.59018407069553,0.0255004738455507,3.13878766578162,0.0494730116545345,0.170770639858154
3,69,4.52012,3.97463,3.42004,3.06074,19,4.5338198858956,0.00509688141944586,4.0536314850199,0.0112543892762633,3.46065180472366,0.0266849555652081,3.03828144761118,0.0481525329553727,0.125438927626332
3,72,4.36864,3.82706,3.30579,2.92922,20,4.34706392899383,0.00484021344555996,3.90028456907286,0.0112459242110821,3.34577493156539,0.0267714579672238,2.94871726858697,0.0517683588621137,0.124592421108206
3,75,4.1481,3.82066,3.27932,2.9062,21,4.18181550413188,0.00528046049086484,3.76404703079608,0.0090837046872454,3.24314811018335,0.0234157956917631,2.8683516721147,0.0465664862379462,-0.0916295312754603
3,78,4.11229,3.72491,3.16153,2.81766,22,4.03452618830079,0.00437597943378332,3.64216429674624,0.0086152466718824,3.15086682220662,0.0244941948747276,2.79579540417827,0.0478798501436479,-0.13847533281176
3,81,3.93711,3.56973,3.05307,2.69368,23,3.90238553198462,0.00469277934447099,3.53244314258415,0.00931162799208596,3.06740356397266,0.0257355464517675,2.72992768432991,0.05392642127272,-0.0688372007914042
3,84,3.82056,3.45702,2.99937,2.675,24,3.78313952532322,0.00465115120312021,3.43311600694279,0.00952856638555666,2.99151897057476,0.0245866652087746,2.66983421758875,0.0494398005105111,-0.0471433614443342
3,87,3.76163,3.38698,2.94365,2.6499,25,3.674959906726,0.00419228437187624,3.34274272326209,0.00910362059905201,2.92219691287651,0.0238352286394737,2.61476162274304,0.0461558816721126,-0.0896379400947991
3,90,3.59453,3.26652,2.86868,2.564,26,3.576348506618,0.00480850545655664,3.26013819659246,0.00985854261822217,2.8585963614761,0.0244204081789905,2.56408342308992,0.0500099094052577,-0.0141457381777834
3,93,3.56526,3.19099,2.78449,2.48684,27,3.48606617771513,0.00418552424087248,3.18431839295484,0.009845329595215,2.80001518074454,0.0259607453155634,2.51727431776561,0.0539073850442384,-0.0154670404784998
3,96,3.34505,3.08227,2.73198,2.47576,28,3.40307926742993,0.00573705875871566,3.11445946473918,0.010818824936863,2.74586254491879,0.0258929730054612,2.47389047399985,0.0497607735207783,0.0818824936863036
3,99,3.33408,3.05379,2.71107,2.43146,29,3.32651879676604,0.00490766520267916,3.04986643894032,0.0099007189991871,2.69563767505816,0.0240079525584526,2.43355425841,0.0502792131722952,-0.0099281000812903
3,102,3.28888,2.98989,2.67731,2.40156,30,3.25564897132164,0.00459137835844903,2.98994896174481,0.0100015600438149,2.64891327083603,0.0231415206537375,2.39594228297812,0.049233092368962,0.000156004381491659
3,105,3.17131,2.93052,2.584,2.35009,31,3.18984263380482,0.00525431841619339,2.93420231508979,0.010101686875394,2.60532247165693,0.0265500988951779,2.36077595532063,0.0515425146409516,0.0101686875394034
3,108,3.13351,2.86418,2.55018,2.31368,32,3.12856194080615,0.00493177474329465,2.88219241748423,0.0105267864225462,2.56454850059687,0.026069965739806,2.32781394157892,0.0521170372091483,0.052678642254623
3,111,3.14519,2.8662,2.54254,2.31892,33,3.07134301428812,0.00404550246118007,2.8335438680543,0.00908350044919048,2.52631636878422,0.0238086338774164,2.29684610477808,0.046771056807385,-0.0916499550809515
3,114,3.05698,2.78092,2.46928,2.26271,34,3.01778364771733,0.00444951086188328,2.78793033805573,0.0102159815034268,2.49038617741975,0.0266940200611684,2.26768859207418,0.0507809329623237,0.0215981503426841
3,117,2.89785,2.70208,2.45008,2.23586,35,2.96753338183358,0.00620300283890973,2.7450667898465,0.0114505980156117,2.45654766967349,0.0255226557332469,2.24017982439619,0.0506962151855029,0.145059801561166
3,120,2.85105,2.65075,2.40149,2.21277,36,2.9202854347939,0.00623774484550299,2.70470313072536,0.0119167457886157,2.42461576853217,0.0269778813727386,2.21417720064062,0.0502319264969597,0.191674578861568
3,123,2.89393,2.66864,2.36097,2.15994,37,2.87577009534005,0.00471073589674686,2.66661900243473,0.00993270524407353,2.39442689848285,0.0279974410606622,2.1895543719921,0.0552521304594312,-0.00672947559264747
3,126,2.91407,2.6889,2.40965,2.19709,38,2.83374927913572,0.003813809794182,2.63061947627124,0.00818753289571161,2.36583593490111,0.0214702777467324,2.16619897437603,0.0449259444875106,-0.181246710428839
3,129,2.8274,2.59518,2.34455,2.12911,39,2.79401201648236,0.00445181989012244,2.59653147546131,0.0100478772002704,2.33871365956299,0.0244851187389807,2.14401073152363,0.0527118133284541,0.00478772002704497
3,132,2.70469,2.51739,2.28198,2.10307,40,2.75637069090507,0.00601896360277498,2.56420078544901,0.0118542448810853,2.31294462688753,0.0279959589756911,2.12289985973981,0.0537296070318094,0.185424488108533
3,135,2.73903,2.52641,2.28276,2.09597,41,2.72065788692414,0.00467340524692184,2.53348954242665,0.0102672047409861,2.28842536552277,0.0255360472475009,2.10278571973913,0.0512815870541357,0.026720474098608
3,138,2.65119,2.45305,2.25789,2.07468,42,2.68672373504562,0.00571909286773553,2.50427411318965,0.0121627399701393,2.26506285530214,0.025696899856625,2.0835956719467,0.0517210215448751,0.216273997013928
3,141,2.68387,2.48661,2.23312,2.07402,43,2.65443366488587,0.00446173143736983,2.47644329698343,0.00961018639378508,2.24277323155019,0.0259643380070296,2.06526410024673,0.0483293489623691,-0.0389813606214919
3,144,2.64662,2.46176,2.2569,2.07339,44,2.62366649511567,0.00456487573794317,2.44989679369324,0.00953612455559283,2.2214806780592,0.0216895515321657,2.04773157589101,0.045161612805478,-0.0463875444407171
3,147,2.5634,2.40562,2.20291,2.03288,45,2.59431280278226,0.00567017096177824,2.42454389345138,0.010806355241016,2.20111647740166,0.0248170526390893,2.03094413858704,0.0496102376894973,0.080635524101603
3,150,2.53343,2.38303,2.17262,2.00262,46,2.56627352549132,0.005732759281595,2.4003023511849,0.010750427089432,2.18161819305713,0.0259582418584292,2.01485267599841,0.052583880253083,0.0750427089431969
3,153,2.49727,2.35769,2.14358,1.9853,47,2.53945875856669,0.00598422364578111,2.37709741634236,0.0108661850066674,2.16292896245808,0.0271500761780884,1.99941238625252,0.0530515428267456,0.0866185006667362
3,156,2.51673,2.3397,2.12673,1.96725,48,2.51378671618291,0.00493641600246997,2.35486099337922,0.0106850669752109,2.1449968837639,0.0270668469673491,1.98458231075004,0.0538458707929983,0.0685066975210877
3,159,2.54194,2.37154,2.15002,1.98447,49,2.48918283097394,0.00395657020688045,2.33353091288284,0.00844092595268087,2.12777448215326,0.022649628212663,1.97032492674892,0.0470067299986854,-0.155907404731913
3,162,2.45368,2.29969,2.10266,1.95025,50,2.46557897104884,0.00527727908124209,2.31305029667663,0.0106266835530875,2.11121824383695,0.0259854055165784,1.95660579096209,0.0514294343030119,0.062668355308749
3,165,2.44772,2.31052,2.11018,1.94867,51,2.44291275692995,0.00489001593431659,2.29336700305078,0.00923519253703031,2.09528820795405,0.0233432679123083,1.94339322684759,0.0488224169479893,-0.0764807462969688
3,168,2.47,2.294,2.08581,1.93831,52,2.42112696384169,0.0039708939851637,2.27443314055268,0.00911655693713109,2.07994760811566,0.0243226769398542,1.93065804944931,0.0482726927188233,-0.0883443062868907
3,171,2.40849,2.28546,2.05368,1.91325,53,2.40016899715607,0.00480383857373956,2.25620464064028,0.00868599886286336,2.06516255667461,0.0264054129767053,1.91837332261419,0.0512094430443444,-0.131400113713664
3,174,2.37682,2.23485,2.06408,1.91738,54,2.37999043075232,0.00507830288275724,2.2386408810387,0.0101875442698766,2.05090176588171,0.0234520013301842,1.90651414421343,0.0474857400188147,0.0187544269876558
3,177,2.35595,2.22341,2.04239,1.89129,55,2.36054659965349,0.0051160483435192,2.22170435290823,0.00991527562413319,2.03713630098529,0.0243608763358659,1.89505745565795,0.0509155265634188,-0.00847243758668093
3,180,2.30359,2.17421,2.01269,1.88065,56,2.34179623963329,0.00607146581024898,2.20536036598266,0.0117114668159984,2.02383936107362,0.0264346611321423,1.88398187255128,0.0508214701947195,0.171146681599844
3,183,2.3809,2.21547,2.02309,1.86864,57,2.32370116758607,0.00372022588195164,2.18957678671094,0.00874874107783596,2.01098608408266,0.0235057706721893,1.87326753378277,0.0511618756080453,-0.125125892216404
3,186,2.30629,2.18013,2.01779,1.87887,58,2.30622599738363,0.00499831721447297,2.17432380516411,0.00969999506688901,1.99855337290594,0.0226317395350554,1.8628959667535,0.0461251164478065,-0.0300004933110989
3,189,2.2693,2.13862,1.97198,1.84475,59,2.28933788668357,0.00556551321206389,2.15957372708113,0.0111809246622556,1.98651973998432,0.0269792862327985,1.85284996674982,0.0521122145429984,0.118092466225562
3,192,2.33853,2.1758,1.98791,1.85296,60,2.27300631084474,0.00350172736105581,2.14530078794071,0.00847671234998471,1.97486516811688,0.0233210782184129,1.84311348875586,0.0475078576243104,-0.152328765001529
3,195,2.27361,2.12822,1.96593,1.83316,61,2.25720286059931,0.00456679710798036,2.13148098637902,0.0101808906107125,1.96357098554586,0.0246833854715104,1.83367155022809,0.0501346612732967,0.0180890610712479
3,198,2.24934,2.10685,1.93697,1.81528,62,2.24190106062623,0.00479561859738786,2.1180919346408,0.0106472994379251,1.95261975363175,0.0272352381945019,1.82451014355285,0.052517914100646,0.0647299437925084
3,201,2.23806,2.12171,1.94619,1.82122,63,2.22707620654254,0.00469670390706201,2.10511272406136,0.00910223357742534,1.9419951656577,0.0244238704082106,1.81561615707566,0.0485082003903886,-0.0897766422574655
3,204,2.20014,2.06981,1.9236,1.82287,64,2.2127052181648,0.00537675043812269,2.09252380384172,0.0113928891376581,1.93168195549416,0.0261634535406323,1.80697730373516,0.0458265474348978,0.139288913765812
3,207,2.16973,2.0414,1.90202,1.79387,65,2.1987665071745,0.00592832047966474,2.08030687160767,0.0125403500666563,1.92166581501622,0.0279610112224652,1.79858205645748,0.0513219610209068,0.254035006665633
3,210,2.13995,2.05596,1.90023,1.7912,66,2.18523985756087,0.00654565731478618,2.06844477443129,0.0107652932534443,1.91193331930871,0.0267487666291186,1.79041958957114,0.0497814716221183,0.076529325344433
3,213,2.17509,2.062,1.89859,1.775,67,2.17210631742301,0.00491072036019757,2.05692141916851,0.00970025052006895,1.90247185881143,0.0255748737819148,1.78247972559929,0.0521678853025075,-0.0299749479931046
3,216,2.14786,2.05148,1.88819,1.76413,68,2.15934810088888,0.00536424060077456,2.04572169109398,0.00965631726576954,1.89326957766267,0.0257645556732483,1.77475288685329,0.0531438038631205,-0.0343682734230457
3,219,2.15803,2.02413,1.88938,1.78059,69,2.14694849906271,0.00466758096300035,2.03483137996317,0.0106800769807331,1.88431531758796,0.0242503721095502,1.76723005133364,0.0462521156409621,0.0680076980733144
3,222,2.16948,2.03943,1.87648,1.76248,70,2.13489179904369,0.00402159410414504,2.02423711270489,0.00909594013790782,1.87559856675875,0.0248663328711353,1.75990271249166,0.0492467231578332,-0.0904059862092179
3,225,2.12506,2.02922,1.87556,1.74234,71,2.12316321017413,0.00493991747949951,2.01392629206974,0.00907913974439767,1.86710941311311,0.0237317238329363,1.75276284246457,0.0531956684749458,-0.0920860255602332
3,228,2.14621,2.02481,1.84857,1.74981,72,2.11174879677267,0.00400170563515068,2.00388704062231,0.00874705222591843,1.85883850168903,0.0266489394863768,1.74580285843417,0.0488069016902327,-0.125294777408157
3,231,2.10261,1.98998,1.85792,1.7494,73,2.10063541669609,0.00493585891438841,1.99410814954147,0.0102705576879453,1.85077699557219,0.0238988810948795,1.73901559180566,0.0469302887344187,0.027055768794527
3,234,2.11584,1.9966,1.84327,1.73616,74,2.08981066514704,0.00420786094581493,1.98457903175228,0.00924258990825466,1.84291654010439,0.0249437472129108,1.73239425993149,0.0488533369390527,-0.0757410091745339
3,237,2.05638,1.96873,1.8551,1.74324,75,2.07926282321191,0.00582780875001299,1.97528967896684,0.0104439210994302,1.83524923003856,0.0219907801024598,1.72593244013703,0.0448787294130226,0.0443921099430153
3,240,2.04285,1.94943,1.82515,1.71092,76,2.06898081066988,0.00596833476353686,1.96623062225824,0.0111902181346868,1.82776757935934,0.0254299217613828,1.71962404583433,0.0528081327669422,0.119021813468679
3,243,2.07678,1.95542,1.82545,1.72336,77,2.05895414266049,0.00442375309822485,1.95739289583083,0.0101346230015561,1.82046449352042,0.0241917732660449,1.71346330452433,0.0469465371683477,0.0134623001556098
3,246,2.03747,1.93231,1.8071,1.70705,78,2.04917288985398,0.00542304418297723,1.94876800368917,0.0111927453819838,1.81333324387333,0.0260584094957714,1.70744473752044,0.0501268556069039,0.119274538198378
3,249,2.03893,1.94435,1.82191,1.71407,79,2.03962764178745,0.00502456126543782,1.94034788893674,0.00972629156736704,1.80636744408907,0.0225124750199659,1.70156314123408,0.0460951445276653,-0.027370843263296
3,252,2.03689,1.93649,1.81261,1.70341,80,2.03030947308402,0.00477156234931142,1.93212490546477,0.00969861028834262,1.7995610283923,0.022873863886128,1.69581356988415,0.0475694512890662,-0.0301389711657376
3,255,2.03514,1.91724,1.79451,1.69067,81,2.02120991228963,0.00452354987651549,1.92409179181776,0.0104970201726758,1.79290823144652,0.0247264114924992,1.69019131950479,0.0498419455113349,0.0497020172675842
3,258,1.98809,1.9144,1.78451,1.68651,82,2.01232091309398,0.00596047006934863,1.91624164703798,0.0101326934497072,1.78640356974698,0.025330485806291,1.6846919131385,0.0493964154504875,0.0132693449707242
3,261,2.02253,1.90914,1.77778,1.68316,83,2.00363482772536,0.00435172741993095,1.90856790832231,0.00995869878604305,1.78004182438794,0.0253992001065415,1.67931108711294,0.0487182856417161,-0.0041301213956948
3,264,2.02757,1.91281,1.78344,1.67704,84,1.99514438232844,0.00392901759232389,1.90106433032684,0.00917649549560318,1.77381802508918,0.0233522592004931,1.67404477830944,0.0489905909574266,-0.0823504504396824
3,267,2.02651,1.88921,1.77106,1.66516,85,1.98684265415662,0.00371101265320573,1.89372496598634,0.0103387866608692,1.76772743537396,0.0244115505726165,1.66888911234013,0.051295815227559,0.0338786660869181
3,270,1.95817,1.87467,1.75552,1.66002,86,1.97872305041955,0.00584097696029584,1.88654414871227,0.0109245821844695,1.7617655388026,0.0261505001861781,1.66384039255887,0.0513401779381015,0.0924582184469456
3,273,1.9776,1.8818,1.7526,1.66081,87,1.97077928865382,0.00474560558481418,1.87951647586135,0.00982947555212355,1.75592802617458,0.0256126814011207,1.6588950898372,0.0493346660366774,-0.0170524447876454
3,276,1.95401,1.87598,1.74384,1.65637,88,1.96300537848354,0.00535975544529788,1.87263679336641,0.00974891506338116,1.7502107836204,0.0261965383998854,1.65404983304419,0.0491878250851038,-0.0251084936618842
3,279,1.92887,1.84814,1.73968,1.64711,89,1.95539560466096,0.00614757305827907,1.86590018143535,0.0114574610743243,1.74460988151115,0.0259297882376155,1.64930140017382,0.0507853849211063,0.145746107432433
3,282,1.9481,1.87314,1.73638,1.64302,90,1.94794451128131,0.00499387568079435,1.85930194123335,0.00898167648954062,1.73912156412116,0.0255177418642825,1.6446467100677,0.050586967518944,-0.101832351045938
3,285,1.92661,1.83953,1.7244,1.63131,91,1.94064688707861,0.00559021062441534,1.85283758246838,0.0110950778734946,1.73374223998436,0.0268229579838529,1.64008281468995,0.0532703358049248,0.109507787349462
3,288,1.92625,1.84636,1.72,1.63146,92,1.93349775171647,0.00529959565138483,1.84650281181044,0.0100112787099815,1.72846847288977,0.0266621150250713,1.63560689190708,0.0515349557500332,0.00112787099815304
3,291,1.89479,1.82415,1.70946,1.62884,93,1.92649234299606,0.006461028462592,1.84029352207952,0.0113691805413852,1.72329697346793,0.0277946343771268,1.63121623873805,0.0508816087762703,0.136918054138525
3,294,1.9335,1.84493,1.72992,1.63836,94,1.9196261049101,0.00446267820566004,1.83420578214172,0.00917319705826325,1.71822459132371,0.0228303888903022,1.62690826503757,0.0459143940695036,-0.0826802941736751
3,297,1.90327,1.83565,1.71966,1.62458,95,1.91289467647875,0.00541330834308806,1.82823582746222,0.00941606946492213,1.71324830766915,0.0237774228567151,1.62268048758042,0.0492941677110031,-0.0583930535077872
3,300,1.88174,1.80951,1.7067,1.61882,96,1.90629388130546,0.00613235005237156,1.82238005126342,0.0111079169750783,1.70836522843207,0.0253298903089393,1.61853052451752,0.0498909705700592,0.110791697507829
3,303,1.8926,1.81627,1.70932,1.61391,97,1.89981971780413,0.00531269444201665,1.81663499624433,0.0100301516802677,1.70357257778864,0.0238835136798812,1.61445609017635,0.0502079134986018,0.00301516802676627
3,306,1.91331,1.8402,1.71462,1.62313,98,1.89346835004206,0.00422415318624991,1.81099734682003,0.00783579861974348,1.69886769210057,0.0220294177980879,1.61045499018111,0.0453580027115319,-0.216420138025652
3,309,1.88809,1.80459,1.6906,1.6083,99,1.88723609915705,0.00496360157161579,1.80546392184263,0.0100735733847117,1.69424801422825,0.0257461908769285,1.60652511686959,0.0493193615125844,0.00735733847117093
3,312,1.91894,1.82301,1.69644,1.60881,100,1.88111943530622,0.0036033417815895,1.80003166776997,0.008228432575491,1.68971108817944,0.0236668180364885,1.60266444498595,0.0476623159785674,-0.1771567424509
3,315,1.86693,1.78843,1.68512,1.59692,101,1.8751149701079,0.00536878458943124,1.79469765224917,0.0105485290683597,1.68525455409135,0.0250275848162138,1.59887102762999,0.0507697798151521,0.054852906835968
3,318,1.8678,1.78172,1.67414,1.5879,102,1.86921944954224,0.00506265732615918,1.78945905808669,0.0106871426850759,1.68087614350362,0.0264281109800082,1.59514299244524,0.0529352312130307,0.0687142685075868
3,321,1.83526,1.76904,1.65934,1.57922,103,1.86342974727612,0.00640998126149506,1.7843131775772,0.0114115894481394,1.67657367491239,0.0288390914185713,1.59147853802948,0.055098500875202,0.141158944813936
3,324,1.86045,1.77303,1.67089,1.58502,104,1.85774285838941,0.0048806754944849,1.77925740716702,0.0105584454628141,1.67234504958318,0.0253067987519189,1.58787593055261,0.0511558598867839,0.0558445462814148
3,327,1.84628,1.7707,1.66651,1.57459,105,1.85215589346367,0.00527108184338587,1.77428924242866,0.0103208166824967,1.66818824760539,0.025356836157129,1.58433350056794,0.0540752635868188,0.0320816682496736
3,330,1.84698,1.76716,1.66086,1.57936,106,1.8466660730199,0.00498579345889238,1.76940627332604,0.0102011912179315,1.66410132417192,0.0256986889102593,1.58084964000437,0.050608499839946,0.0201191217931505
3,333,1.84982,1.77736,1.66342,1.58098,107,1.8412707222749,0.00462400503278282,1.76460617975029,0.00892046057875751,1.66008240607184,0.024294272470736,1.57742279932507,0.0485641769147179,-0.107953942124249
3,336,1.84079,1.76657,1.65427,1.57319,108,1.83596726619746,0.00478273778390892,1.75988672730868,0.00941521598496453,1.65612968837265,0.0254044965182362,1.57405148484982,0.0503560160090075,-0.0584784015035469
3,339,1.83221,1.76335,1.65412,1.57276,109,1.83075322484369,0.0049328697182035,1.7552457633495,0.00929011235960153,1.65224143129682,0.0245947174301676,1.57073425621594,0.0491662968746939,-0.0709887640398468
3,342,1.83892,1.75739,1.64991,1.57024,110,1.82562620895391,0.0044147982242505,1.75068121320817,0.00940453729962543,1.64841595726151,0.0246749004145758,1.5674697239849,0.0488554589454787,-0.0595462700374574
3,345,1.83075,1.75219,1.6399,1.55958,111,1.82058391579313,0.00454290230412968,1.74619107665949,0.00946208575892782,1.64465164808334,0.0260685344356326,1.56425654737465,0.0520017181821285,-0.0537914241072182
3,348,1.81229,1.74158,1.64097,1.56733,112,1.81562412522048,0.00516063183632287,1.74177342456368,0.0100179536871101,1.64094694233317,0.0249948817896284,1.56109343211386,0.0474239505618904,0.00179536871101149
3,351,1.81181,1.74489,1.64322,1.55593,113,1.81074469597223,0.00494933869923264,1.73742639569339,0.0093257527679661,1.63730033283225,0.0237093452072824,1.55797912840983,0.0508798440647756,-0.06742472320339
3,354,1.8292,1.74135,1.63256,1.56034,114,1.80594356214532,0.00399411982276265,1.73314819373046,0.00925645336401304,1.63371036428088,0.02526012708209,1.55491242902306,0.0477221229583359,-0.074354663598696
3,357,1.78383,1.71934,1.62637,1.5465,115,1.80121872986854,0.00591588622872352,1.72893708442199,0.0109498647764683,1.63017563101152,0.0258762226298989,1.55189216744192,0.05237687618635,0.094986477646831
3,360,1.79358,1.723,1.63367,1.55503,116,1.79656827415,0.0051480127188962,1.72479139288575,0.0101722693400463,1.62669477485868,0.0234561474473165,1.54891721615139,0.0474092498744519,0.0172269340046336
3,363,1.7927,1.72257,1.62889,1.55937,117,1.79199033588992,0.00496521796883798,1.72070950105592,0.00982285667667981,1.62326648313873,0.0237401070110602,1.54598648499028,0.0444554636282929,-0.0177143323320186
3,366,1.79293,1.72615,1.6258,1.54487,118,1.7874831190487,0.00473720171640502,1.71668984526065,0.00912442442154271,1.61988948673236,0.0236690597103115,1.54309891959154,0.0492267578689884,-0.0875575578457291
3,369,1.76958,1.70027,1.60591,1.53117,119,1.78304488796069,0.00571700179097678,1.71273091392337,0.0112860675086832,1.61656255826492,0.027595319985078,1.54025349990088,0.0541698304666304,0.128606750868322
3,372,1.79252,1.71629,1.61953,1.54417,120,1.77867396478549,0.00434974373126329,1.70883124538085,0.0092942560235143,1.6132845103773,0.0235781080006709,1.53744923876911,0.0470888629196776,-0.0705743976485698
3,375,1.81927,1.72408,1.61547,1.53719,121,1.77436872708792,0.00316611776842024,1.70498942581078,0.00827793476513472,1.6100541940832,0.0237548986403665,1.53468518061386,0.0488896495505895,-0.172206523486528
3,378,1.76593,1.69941,1.59946,1.52379,122,1.77012760553954,0.0052180757873922,1.70120408726255,0.0101796220380419,1.60687049720733,0.0268147750206321,1.53196040014643,0.0538074047837549,0.0179622038041902
3,381,1.74587,1.69381,1.60378,1.53124,123,1.76594908173452,0.00613777539102278,1.69747390578543,0.0103725428155226,1.60373234289993,0.0249886413751809,1.52927400116231,0.049116174653224,0.0372542815522579
3,384,1.72863,1.68177,1.59567,1.52698,124,1.76183168611323,0.00702790927149533,1.69379759964831,0.0112819814440521,1.60063868822422,0.0262187428815271,1.52662511538477,0.0498384463351191,0.128198144405212
3,387,1.76532,1.68662,1.59751,1.52219,125,1.75777399598748,0.00462288596612082,1.69017392764602,0.0103658518340042,1.59758852280798,0.0250189545966146,1.52401290137089,0.0508423283458554,0.0365851834004181
3,390,1.76299,1.68598,1.59239,1.52555,126,1.75377463366123,0.00454044504724316,1.68660168748702,0.0100634896214278,1.59458086756679,0.0255371730931692,1.52143654346311,0.0481353258882526,0.00634896214277791
3,393,1.74373,1.67312,1.59405,1.5184,127,1.74983226464214,0.00533091784455075,1.68307971425835,0.0110717307220052,1.59161477347962,0.0244119094879487,1.51889525079304,0.0502302116622605,0.107173072200518
3,396,1.74883,1.68698,1.59215,1.5195,128,1.74594559593803,0.00484965386595027,1.67960687896331,0.00926702106605382,1.58868932042673,0.02416334409747,1.51638825633073,0.0485674470437297,-0.0732978933946185
3,399,1.73221,1.66053,1.58296,1.51362,129,1.74211337443414,0.00555490870657316,1.67618208712662,0.0117555531213908,1.58580361608039,0.0257118878902003,1.51391481597828,0.0501384808207285,0.175555312139076
3,402,1.74957,1.68547,1.5888,1.51761,130,1.7383343853465,0.00443197937883821,1.67280427746769,0.00875888288381288,1.58295679484641,0.0235868106352922,1.51147420770293,0.0471807108465871,-0.124111711618712
3,405,1.7248,1.64861,1.57175,1.50659,131,1.7346074507473,0.00555640751447395,1.66947242063141,0.0124344733179379,1.58014801685454,0.0271832798719414,1.50906573071444,0.0511870161402319,0.24344733179379
3,408,1.73592,1.6756,1.58355,1.50925,132,1.73093142815837,0.00473648610483268,1.66618551797966,0.00905190836172365,1.57737646699459,0.0234926048934757,1.50668870467303,0.0487918904309322,-0.0948091638276352
3,411,1.7392,1.66549,1.58445,1.51022,133,1.72730520920895,0.00439029601959073,1.66294260043693,0.0097329460492479,1.57464135399596,0.0226326281419782,1.50434246893749,0.0472527636169208,-0.0267053950752096
3,414,1.73496,1.66804,1.58299,1.50605,134,1.72372771835465,0.00441901173452419,1.65974272738852,0.00915029183840432,1.5719419095481,0.0223348422641566,1.50202638184477,0.0480940236856953,-0.0849708161595677
3,417,1.72547,1.67482,1.57306,1.50107,135,1.72019791165433,0.00471703146449021,1.65658498562661,0.00821404689148419,1.56927738746163,0.0240505474411227,1.49973982002147,0.0493590312413814,-0.178595310851581
3,420,1.71742,1.64814,1.56584,1.49555,136,1.71671477560121,0.00496099274262563,1.65346848834664,0.0105918087748759,1.56664706286241,0.0252082010656134,1.49748217772624,0.0509495882684713,0.0591808774875866
3,423,1.72451,1.65566,1.56559,1.49954,137,1.71327732600626,0.00440927557311577,1.65039237418294,0.00944301987503215,1.56405023142564,0.0246051107835488,1.49525286621844,0.0479397403728279,-0.0556980124967845
3,426,1.70362,1.65171,1.5637,1.50107,138,1.70988460693095,0.0053640737653301,1.64735580629241,0.00953488839713723,1.56148620864012,0.0244310732217429,1.49305131315697,0.0461907179757121,-0.0465111602862769
3,429,1.72309,1.66769,1.5638,1.48776,139,1.70653568966609,0.00414459961150637,1.64435797147084,0.00772732746401295,1.558954329105,0.0237640272865354,1.49087696202245,0.0515644235363474,-0.227267253598705
3,432,1.7115,1.64646,1.56569,1.49304,140,1.70322967175574,0.00455086040825237,1.64139807931523,0.00945543220125689,1.55645394585659,0.0226820532817154,1.48872927156494,0.0478969812139788,-0.0544567798743114
3,435,1.74599,1.65926,1.56501,1.48774,141,1.69996567606236,0.00294139336787802,1.63847536141607,0.00792875729253328,1.55398442972361,0.0222431919728979,1.48660771527453,0.0494367967079929,-0.207124270746672
3,438,1.69556,1.63417,1.54519,1.48245,142,1.69674284987276,0.005068399147656,1.63558907058658,0.0101596962368037,1.55154516870973,0.0267400162964018,1.4845117808742,0.0510458110612065,0.0159696236803684
3,441,1.66889,1.61786,1.54019,1.47859,143,1.69356036404143,0.00663892992336546,1.63273848012374,0.0118105491547338,1.5491355674017,0.0274944583662082,1.48244096983362,0.0519793873995598,0.181054915473378
3,444,1.6882,1.63401,1.54503,1.48011,144,1.69041741217032,0.00513040393922592,1.62992288310032,0.00954862203517237,1.54675504640218,0.0254663688304816,1.48039479690296,0.0501447219604033,-0.0451377964827628
3,447,1.67269,1.62511,1.5512,1.47486,145,1.68731320982162,0.00592802593727704,1.62714159168576,0.0102331062417621,1.54440304178588,0.0232302189726518,1.47837278966581,0.0518208568848592,0.0233106241762102
3,450,1.68525,1.62996,1.55075,1.47817,146,1.68424699376678,0.00494144286080822,1.62439393649863,0.00938386895174503,1.54207900457769,0.0227524385977311,1.47637448811012,0.0490874995419975,-0.0616131048254966
3,453,1.6727,1.60762,1.53825,1.47276,147,1.68121802126186,0.00552790716858109,1.62167926597767,0.0117421369879789,1.53978240025327,0.0254202265400115,1.47439944421654,0.0508507169973653,0.174213698797888
3,456,1.67893,1.61782,1.53859,1.47861,148,1.67822556935566,0.00495836624019086,1.61899694578776,0.0101365432837346,1.53751270825649,0.0247070223427744,1.47244722156315,0.0469019805570917,0.0136543283734589
3,459,1.68309,1.62561,1.54669,1.47538,149,1.67526893422508,0.00455381932672072,1.61634635824371,0.00897987106853748,1.535269421541,0.0220388416560889,1.47051739494592,0.0475292219576412,-0.102012893146252
3,462,1.66209,1.60871,1.53179,1.46645,150,1.67234743053734,0.00565289597733898,1.61372690175926,0.0106007290738329,1.53305204612582,0.0253507745675637,1.46860955001413,0.051139598125253,0.0600729073832915
3,465,1.67046,1.60979,1.53302,1.46562,151,1.66946039083764,0.00494009610678026,1.61113799031788,0.0101589503726804,1.53086010067058,0.0244073138292152,1.46672328292006,0.0505820256221119,0.0158950372680442
3,468,1.68059,1.60353,1.5229,1.45222,152,1.6666071649612,0.0042184648730158,1.6085790529643,0.0106109424750335,1.52869311606723,0.0266646453168253,1.46485819998235,0.057078999418045,0.0610942475033469
3,471,1.66843,1.61575,1.5229,1.46069,153,1.66378711946926,0.00472483381206845,1.60604953331626,0.00891384534889517,1.52655063504557,0.0260423939689804,1.46301391736231,0.0512446696315658,-0.108615465110483
3,474,1.67415,1.6193,1.52907,1.45987,154,1.66099963710597,0.00425452232159396,1.60354888909505,0.0082866307220677,1.52443221179914,0.0237258442388104,1.46119006075268,0.0507068553246708,-0.17133692779323
3,477,1.6776,1.60952,1.5351,1.46368,155,1.65824411627766,0.00393635705372164,1.60107659167447,0.00903903550410134,1.52233741161963,0.02162367247229,1.4593862650783,0.0477521305279646,-0.0960964495898655
3,480,1.64324,1.58909,1.5163,1.45398,156,1.6555199705505,0.00581712648166888,1.59863212564697,0.0112089451410864,1.52026581054747,0.0261506470094357,1.45760217420799,0.051979324180471,0.120894514108639
3,483,1.64706,1.59923,1.52781,1.45833,157,1.65282662817152,0.00537083879876543,1.59621498840664,0.00964283265460653,1.51821699503728,0.0223971329404097,1.45583744067747,0.0486719698024716,-0.0357167345393474
3,486,1.65882,1.59599,1.5166,1.45998,158,1.65016353160201,0.00448677339868753,1.5938246897476,0.00974102698703105,1.51619056163533,0.0248828532031459,1.45409172542237,0.0469008049248592,-0.0258973012968946
3,489,1.6456,1.5972,1.51888,1.45598,159,1.64753013707371,0.00512249710872847,1.59146075147811,0.00932438953717774,1.51418611666498,0.0236814044440523,1.45236469752144,0.0480675546848498,-0.0675610462822265
3,492,1.65014,1.58744,1.51182,1.45408,160,1.64492591415937,0.00468151108363435,1.58912270704874,0.0102077246946084,1.51220327593071,0.0251111308535092,1.450656033949,0.0481602107389536,0.02077246946084
3,495,1.65808,1.60284,1.52055,1.45441,161,1.64235034535958,0.00409356439860153,1.58681010119437,0.0082050942366737,1.51024166442766,0.022165205279958,1.44896541933658,0.047091177099307,-0.17949057633263
3,498,1.62858,1.5714,1.5018,1.44644,162,1.63980292570582,0.00576535994655403,1.5845224895899,0.0117497066681732,1.50830091606415,0.0269662643631959,1.44729254574323,0.050471947599826,0.174970666817321
3,501,1.63543,1.57789,1.4991,1.44206,163,1.63728316237728,0.00511984553133482,1.58225943851805,0.0105557577569153,1.5063806733938,0.0272216728434151,1.44563711243411,0.0520160337212461,0.0555757756915307
3,504,1.6396,1.57999,1.50968,1.45168,164,1.63479057433224,0.00470004505649335,1.58002052454985,0.0100038016168489,1.50448058735735,0.0235114056169518,1.44399882566705,0.0458908126954574,0.000380161684888414
3,507,1.62829,1.57198,1.49316,1.43472,165,1.63232469195283,0.00526699961689003,1.57780533423537,0.0107544064430215,1.50260031703386,0.0279419197558971,1.44237739848676,0.0544436988400747,0.0754406443021503
3,510,1.62799,1.57184,1.49489,1.43985,166,1.6298850567028,0.00512432713223854,1.57561346380876,0.0104849476501399,1.50073952940056,0.0267950482423368,1.44077255052634,0.0505196425599683,0.0484947650139853
3,513,1.643,1.57733,1.5018,1.43992,167,1.62747122079727,0.00408096352635423,1.57344451889978,0.00952085395036129,1.49889789910262,0.0241478414470976,1.43918400781573,0.0495871964400939,-0.0479146049638715
3,516,1.62057,1.569,1.49334,1.43953,168,1.62508274688477,0.00530378560848266,1.57129811425853,0.0102953963671011,1.4970751082274,0.026142786002559,1.43761150259702,0.0489260040235162,0.0295396367101084
3,519,1.62336,1.57007,1.4946,1.43515,169,1.62271920774039,0.00495805257358528,1.56917387348888,0.00988651054137879,1.49527084609164,0.0252026368089744,1.43605477314602,0.0505159674932907,-0.011348945862121
3,522,1.62407,1.56892,1.491,1.43571,170,1.62038018596969,0.0047619991410528,1.5670714287916,0.00976621984276937,1.49348480903225,0.0257614553984198,1.43451356360017,0.0493222636338356,-0.0233780157230625
3,525,1.62566,1.57088,1.48978,1.43096,171,1.6180652737232,0.00451994173357018,1.56499042071491,0.00927004751856353,1.49171670020589,0.0255941711373282,1.43298762379225,0.0511725517740866,-0.0729952481436471
3,528,1.61426,1.56687,1.48745,1.42752,172,1.61577407242093,0.00510183450180612,1.56293049791819,0.00950386373593504,1.48996622939525,0.0257777612862571,1.43147670908989,0.0523205379013357,-0.0496136264064964
3,531,1.61171,1.5649,1.49098,1.4328,173,1.61350619248641,0.00512156664706842,1.56089131693728,0.00949324898458004,1.48823311282192,0.0241724514067242,1.42998058024046,0.0483971957164847,-0.0506751015419962
3,534,1.59687,1.55653,1.47977,1.42458,174,1.61126125308975,0.00606209286839499,1.55887254196323,0.010309218617403,1.48651707296558,0.0271544634978891,1.42849900322121,0.0523167031213384,0.0309218617402971
3,537,1.60929,1.56135,1.48807,1.4285,175,1.6090388818994,0.0049830799779631,1.55687384462636,0.00943108963776185,1.4848178383895,0.0240151528583994,1.42703174909454,0.0491528147477178,-0.0568910362238153
3,540,1.59401,1.54886,1.4764,1.42435,176,1.60683871484346,0.00594588296691378,1.55489490378773,0.0108222059865747,1.48313514357166,0.0271686734855601,1.42557859386796,0.0507218243953752,0.0822205986574684
3,543,1.60586,1.55428,1.48388,1.42135,177,1.60466039587771,0.00491897895024995,1.55293540533812,0.00982432288090773,1.48146872874175,0.0242604329099354,1.42413931835886,0.0516588305609883,-0.0175677119092268
3,546,1.62395,1.56762,1.48914,1.43172,178,1.60250357676207,0.00372270186672252,1.55099504200338,0.00801547431293437,1.47981833972343,0.0222413549355144,1.42271370806357,0.0449478367643067,-0.198452568706563
3,549,1.59049,1.55223,1.48351,1.42578,179,1.60036791684464,0.0057239792425795,1.54907351315647,0.00958889650482764,1.4781837277819,0.0233809949530396,1.42130155303094,0.0474173890469237,-0.0411103495172362
3,552,1.60038,1.55047,1.47891,1.42716,180,1.59825308285283,0.00485541806429102,1.54717052463567,0.00956893494154287,1.47656464947644,0.0242718812653038,1.41990264773981,0.0458608033159733,-0.0431065058457127
3,555,1.60106,1.56561,1.48228,1.42042,181,1.59615874869142,0.00467151393147625,1.54528578856889,0.00760218370106525,1.4749608665178,0.0227840028634719,1.41851679098065,0.0488789526382327,-0.239781629893475
3,558,1.58485,1.52745,1.46089,1.40925,182,1.59408459524722,0.00568290538459504,1.5434190232031,0.0123798191547272,1.47337214563016,0.0292619319718558,1.41714378574092,0.0549197105489386,0.237981915472719
3,561,1.58861,1.54321,1.47826,1.42035,183,1.59203031020038,0.00524426111923459,1.54156995274092,0.00978087556120877,1.47179825841768,0.023019086295788,1.41578343909415,0.0473286265991856,-0.0219124438791232
3,564,1.59487,1.55499,1.47582,1.41708,184,1.58999558784149,0.0046693289894717,1.53973830718043,0.00812307402463408,1.47023898123519,0.0232738327993558,1.41443556209252,0.0484312124681846,-0.187692597536592
3,567,1.59615,1.52567,1.46293,1.40578,185,1.58798012889479,0.00445566178713108,1.5379238221616,0.0118057275360738,1.46869409506311,0.0269139820256734,1.41309996966289,0.0546009836166427,0.180572753607378
3,570,1.58434,1.53401,1.4623,1.40949,186,1.58598364034718,0.00511742517247604,1.53612623881716,0.0102931200151961,1.46716338538631,0.026612517458927,1.41177648050611,0.0514035377453709,0.0293120015196111
3,573,1.58484,1.52964,1.46489,1.40655,187,1.58400583528258,0.00494116194747196,1.5343453036282,0.0106654507650421,1.46564664207683,0.0252457249705279,1.41046491699946,0.0524336498075167,0.0665450765042106
3,576,1.57367,1.52938,1.4583,1.40572,188,1.58204643272152,0.00563183474947282,1.5325807682845,0.0104500294225084,1.46414365928023,0.0269641376748712,1.40916510510216,0.0521440037955176,0.0450029422508389
3,579,1.57997,1.52629,1.4661,1.41526,189,1.58010515746595,0.00500967275601849,1.53083238954905,0.0106468582115922,1.46265423530554,0.0239006562440723,1.4078768742638,0.0456548645302947,0.0646858211592169
3,582,1.58851,1.53399,1.46594,1.41389,190,1.57818173994892,0.00430890314132659,1.52909992912706,0.00934279695452322,1.46117817251864,0.0234872750745448,1.40660005733563,0.045692672545653,-0.0657203045476775
3,585,1.55775,1.51613,1.45693,1.40463,191,1.57627591608877,0.00651979275600822,1.52738315353875,0.0116889565905895,1.45971527723885,0.0259295057888365,1.40533449048452,0.0504365686475747,0.168895659058955
3,588,1.56816,1.5203,1.45892,1.40355,192,1.57438742714826,0.00547044432289823,1.52568183399655,0.0107798127927176,1.45826535963884,0.024785264927683,1.40408001310956,0.0503292970418238,0.0779812792717558
3,591,1.57543,1.53368,1.46452,1.40477,193,1.57251601959766,0.00479260419526828,1.52399574628526,0.00872477442683151,1.45682823364746,0.0225737732244194,1.4028364677613,0.0488108950338286,-0.127522557316849
3,594,1.56466,1.51834,1.45044,1.39438,194,1.5706614449823,0.00545629572055628,1.52232467064724,0.0105764486425537,1.45540371685566,0.0266975370571219,1.40160370006324,0.054692782711858,0.0576448642553693
3,597,1.54969,1.51202,1.44964,1.39875,195,1.56882345979413,0.00660411505974745,1.52066839166951,0.0112960198506125,1.4539916304251,0.0264880840045101,1.40038155863584,0.0510307897093729,0.129601985061246
3,600,1.56544,1.51819,1.45381,1.39125,196,1.5670018253472,0.00511599503361748,1.51902669817555,0.0101194118233852,1.45259179899968,0.0245960353993633,1.39916989502273,0.0552027561236026,0.011941182338516
